[2026-08-02 16:49:38] [INFO] =================================================================
[2026-08-02 16:49:38] [INFO] [LIFECYCLE] RoleComponent plugin loaded into open:mp server.
[2026-08-02 16:49:38] [INFO] =================================================================
[2026-08-02 16:49:38] [INFO] [LIFECYCLE] Registered PawnEventHandler with IPawnComponent.
[2026-08-02 16:49:38] [INFO] [LIFECYCLE] Event handler registered with core IPlayerPool.
[2026-08-02 16:49:38] [INFO] [WORKER] Background worker thread started for Timed Roles & Rainbow Ticks.
[2026-08-02 16:49:38] [INFO] [LIFECYCLE] RoleComponent is ready and listening to server player events.
[2026-08-02 16:49:39] [INFO] [PAWN] Registered HUB-Role native functions to AMX script.
[2026-08-02 16:49:40] [INFO] [PAWN] Registered HUB-Role native functions to AMX script.
[2026-08-02 16:49:41] [INFO] [RESOURCE] AddRoleResource registered: Key='admin.png', URL='http://gtahub.kntech.co/icons/admin.png', LocalPath='HUB-Core/icons/admin.png', AlreadyLoaded=1
[2026-08-02 16:49:41] [INFO] [RESOURCE] AddRoleResource registered: Key='vip.png', URL='http://gtahub.kntech.co/icons/vip.png', LocalPath='HUB-Core/icons/vip.png', AlreadyLoaded=1
[2026-08-02 16:49:41] [INFO] [RESOURCE] AddRoleResource registered: Key='mod.png', URL='http://gtahub.kntech.co/icons/moderator.png', LocalPath='HUB-Core/icons/mod.png', AlreadyLoaded=1
[2026-08-02 16:49:41] [INFO] [RESOURCE] AddRoleResource registered: Key='helper.png', URL='http://gtahub.kntech.co/icons/helper.png', LocalPath='HUB-Core/icons/helper.png', AlreadyLoaded=1
[2026-08-02 16:49:41] [INFO] [RESOURCE] AddRoleResource registered: Key='dev.png', URL='http://gtahub.kntech.co/icons/dev.png', LocalPath='HUB-Core/icons/dev.png', AlreadyLoaded=1
[2026-08-02 16:49:41] [INFO] [CONFIG] SetRoleGlobalConfig: Distance=25.0m, LOS=1, AutoHideVeh=1, IconSize=32.0x32.0
[2026-08-02 16:49:53] [INFO] [PLAYER CONNECT] Player ID 0 connected. Role state initialized.
[2026-08-02 16:50:01] [INFO] [SET PRESET] targetPlayer=0, preset=2 ('VIP'), slotID=0, duration=0s, toPlayer=-1
[2026-08-02 16:50:09] [INFO] [PLAYER DISCONNECT] Player ID 0 disconnected. Role state cleared.
[2026-08-02 16:50:09] [INFO] [CLEAR ROLE] ClearPlayerRole: ALL slots cleared for targetPlayer=0, toPlayer=-1
[2026-08-02 16:55:45] [INFO] [LIFECYCLE] RoleComponent component unloading...
[2026-08-02 16:55:45] [INFO] [WORKER] Worker thread joined and stopped successfully.
[2026-08-02 16:55:45] [INFO] [LIFECYCLE] RoleComponent fully unloaded.
[2026-08-05 03:59:35] [INFO] =================================================================
[2026-08-05 03:59:35] [INFO] [LIFECYCLE] RoleComponent plugin loaded into open:mp server.
[2026-08-05 03:59:35] [INFO] =================================================================
[2026-08-05 03:59:35] [INFO] [LIFECYCLE] Event handler registered with core IPlayerPool.
[2026-08-05 03:59:36] [INFO] [LIFECYCLE] RoleComponent is ready and listening to server player events.
[2026-08-05 03:59:43] [INFO] [RESOURCE] AddRoleResource registered: Key='admin.png', URL='http://gtahub.kntech.co/icons/admin.png', LocalPath='HUB-Core/icons/admin.png', AlreadyLoaded=1
[2026-08-05 03:59:43] [INFO] [RESOURCE] AddRoleResource registered: Key='vip.png', URL='http://gtahub.kntech.co/icons/vip.png', LocalPath='HUB-Core/icons/vip.png', AlreadyLoaded=1
[2026-08-05 03:59:43] [INFO] [RESOURCE] AddRoleResource registered: Key='mod.png', URL='http://gtahub.kntech.co/icons/moderator.png', LocalPath='HUB-Core/icons/mod.png', AlreadyLoaded=1
[2026-08-05 03:59:43] [INFO] [RESOURCE] AddRoleResource registered: Key='helper.png', URL='http://gtahub.kntech.co/icons/helper.png', LocalPath='HUB-Core/icons/helper.png', AlreadyLoaded=1
[2026-08-05 03:59:43] [INFO] [RESOURCE] AddRoleResource registered: Key='dev.png', URL='http://gtahub.kntech.co/icons/dev.png', LocalPath='HUB-Core/icons/dev.png', AlreadyLoaded=1
[2026-08-05 03:59:43] [INFO] [CONFIG] SetRoleGlobalConfig: Distance=25.0m, LOS=1, AutoHideVeh=1, IconSize=32.0x32.0
[2026-08-05 03:59:45] [INFO] [PLAYER CONNECT] Player ID 0 connected. Role state initialized.
[2026-08-05 04:00:12] [INFO] [SET PRESET] targetPlayer=0, preset=2 ('VIP'), slotID=0, duration=0s, toPlayer=-1
[2026-08-05 04:00:21] [INFO] [SET PRESET] targetPlayer=0, preset=2 ('VIP'), slotID=0, duration=0s, toPlayer=-1
[2026-08-05 04:00:26] [INFO] [SET PRESET] targetPlayer=0, preset=2 ('VIP'), slotID=0, duration=0s, toPlayer=-1
[2026-08-05 04:00:30] [INFO] [SET PRESET] targetPlayer=0, preset=2 ('VIP'), slotID=0, duration=0s, toPlayer=-1
[2026-08-05 04:00:30] [INFO] [SET PRESET] targetPlayer=0, preset=2 ('VIP'), slotID=0, duration=0s, toPlayer=-1
[2026-08-05 04:00:50] [INFO] [PLAYER DISCONNECT] Player ID 0 disconnected. Role state cleared.
[2026-08-05 04:00:51] [INFO] [CLEAR ROLE] ClearPlayerRole: ALL slots cleared for targetPlayer=0, toPlayer=-1
[2026-08-05 04:01:08] [INFO] [PLAYER CONNECT] Player ID 0 connected. Role state initialized.
[2026-08-05 04:01:19] [INFO] [SET PRESET] targetPlayer=0, preset=2 ('VIP'), slotID=0, duration=0s, toPlayer=-1
[2026-08-05 04:02:08] [INFO] [PLAYER DISCONNECT] Player ID 0 disconnected. Role state cleared.
[2026-08-05 04:02:08] [INFO] [CLEAR ROLE] ClearPlayerRole: ALL slots cleared for targetPlayer=0, toPlayer=-1
[2026-08-05 04:03:38] [INFO] [PLAYER CONNECT] Player ID 0 connected. Role state initialized.
[2026-08-05 04:03:56] [INFO] [SET PRESET] targetPlayer=0, preset=2 ('VIP'), slotID=0, duration=0s, toPlayer=-1
[2026-08-05 04:04:24] [INFO] [PLAYER DISCONNECT] Player ID 0 disconnected. Role state cleared.
[2026-08-05 04:04:24] [INFO] [CLEAR ROLE] ClearPlayerRole: ALL slots cleared for targetPlayer=0, toPlayer=-1
[2026-08-05 04:04:39] [INFO] [LIFECYCLE] RoleComponent component unloading...
[2026-08-05 04:04:39] [INFO] [LIFECYCLE] RoleComponent fully unloaded.
[2026-08-05 04:04:50] [INFO] =================================================================
[2026-08-05 04:04:50] [INFO] [LIFECYCLE] RoleComponent plugin loaded into open:mp server.
[2026-08-05 04:04:50] [INFO] =================================================================
[2026-08-05 04:04:50] [INFO] [LIFECYCLE] Event handler registered with core IPlayerPool.
[2026-08-05 04:04:50] [INFO] [LIFECYCLE] RoleComponent is ready and listening to server player events.
[2026-08-05 04:04:54] [INFO] [RESOURCE] AddRoleResource registered: Key='admin.png', URL='http://gtahub.kntech.co/icons/admin.png', LocalPath='HUB-Core/icons/admin.png', AlreadyLoaded=1
[2026-08-05 04:04:54] [INFO] [RESOURCE] AddRoleResource registered: Key='vip.png', URL='http://gtahub.kntech.co/icons/vip.png', LocalPath='HUB-Core/icons/vip.png', AlreadyLoaded=1
[2026-08-05 04:04:54] [INFO] [RESOURCE] AddRoleResource registered: Key='mod.png', URL='http://gtahub.kntech.co/icons/moderator.png', LocalPath='HUB-Core/icons/mod.png', AlreadyLoaded=1
[2026-08-05 04:04:54] [INFO] [RESOURCE] AddRoleResource registered: Key='helper.png', URL='http://gtahub.kntech.co/icons/helper.png', LocalPath='HUB-Core/icons/helper.png', AlreadyLoaded=1
[2026-08-05 04:04:54] [INFO] [RESOURCE] AddRoleResource registered: Key='dev.png', URL='http://gtahub.kntech.co/icons/dev.png', LocalPath='HUB-Core/icons/dev.png', AlreadyLoaded=1
[2026-08-05 04:04:54] [INFO] [CONFIG] SetRoleGlobalConfig: Distance=25.0m, LOS=1, AutoHideVeh=1, IconSize=32.0x32.0
[2026-08-05 04:05:12] [INFO] [PLAYER CONNECT] Player ID 0 connected. Role state initialized.
[2026-08-05 04:05:24] [INFO] [SET PRESET] targetPlayer=0, preset=2 ('VIP'), slotID=0, duration=0s, toPlayer=-1
[2026-08-05 04:06:01] [INFO] [PLAYER DISCONNECT] Player ID 0 disconnected. Role state cleared.
[2026-08-05 04:06:02] [INFO] [CLEAR ROLE] ClearPlayerRole: ALL slots cleared for targetPlayer=0, toPlayer=-1
[2026-08-05 04:06:11] [INFO] [PLAYER CONNECT] Player ID 0 connected. Role state initialized.
[2026-08-05 04:06:20] [INFO] [SET PRESET] targetPlayer=0, preset=2 ('VIP'), slotID=0, duration=0s, toPlayer=-1
[2026-08-05 04:06:43] [INFO] [PLAYER DISCONNECT] Player ID 0 disconnected. Role state cleared.
[2026-08-05 04:06:43] [INFO] [CLEAR ROLE] ClearPlayerRole: ALL slots cleared for targetPlayer=0, toPlayer=-1
[2026-08-05 04:07:36] [INFO] [PLAYER CONNECT] Player ID 0 connected. Role state initialized.
[2026-08-05 04:08:30] [INFO] [PLAYER DISCONNECT] Player ID 0 disconnected. Role state cleared.
[2026-08-05 04:08:30] [INFO] [CLEAR ROLE] ClearPlayerRole: ALL slots cleared for targetPlayer=0, toPlayer=-1
[2026-08-05 11:24:33] [INFO] =================================================================
[2026-08-05 11:24:33] [INFO] [LIFECYCLE] RoleComponent plugin loaded into open:mp server.
[2026-08-05 11:24:33] [INFO] =================================================================
[2026-08-05 11:24:33] [INFO] [LIFECYCLE] Event handler registered with core IPlayerPool.
[2026-08-05 11:24:33] [INFO] [LIFECYCLE] RoleComponent is ready and listening to server player events.
[2026-08-05 11:24:35] [INFO] [RESOURCE] AddRoleResource registered: Key='admin.png', URL='http://gtahub.kntech.co/icons/admin.png', LocalPath='HUB-Core/icons/admin.png', AlreadyLoaded=1
[2026-08-05 11:24:35] [INFO] [RESOURCE] AddRoleResource registered: Key='vip.png', URL='http://gtahub.kntech.co/icons/vip.png', LocalPath='HUB-Core/icons/vip.png', AlreadyLoaded=1
[2026-08-05 11:24:35] [INFO] [RESOURCE] AddRoleResource registered: Key='mod.png', URL='http://gtahub.kntech.co/icons/moderator.png', LocalPath='HUB-Core/icons/mod.png', AlreadyLoaded=1
[2026-08-05 11:24:35] [INFO] [RESOURCE] AddRoleResource registered: Key='helper.png', URL='http://gtahub.kntech.co/icons/helper.png', LocalPath='HUB-Core/icons/helper.png', AlreadyLoaded=1
[2026-08-05 11:24:35] [INFO] [RESOURCE] AddRoleResource registered: Key='dev.png', URL='http://gtahub.kntech.co/icons/dev.png', LocalPath='HUB-Core/icons/dev.png', AlreadyLoaded=1
[2026-08-05 11:24:35] [INFO] [CONFIG] SetRoleGlobalConfig: Distance=25.0m, LOS=1, AutoHideVeh=1, IconSize=32.0x32.0
[2026-08-05 11:24:37] [INFO] [PLAYER CONNECT] Player ID 0 connected. Role state initialized.
[2026-08-05 11:24:48] [INFO] [PLAYER DISCONNECT] Player ID 0 disconnected. Role state cleared.
[2026-08-05 11:24:48] [INFO] [CLEAR ROLE] ClearPlayerRole: ALL slots cleared for targetPlayer=0, toPlayer=-1
[2026-08-05 11:25:02] [INFO] [PLAYER CONNECT] Player ID 0 connected. Role state initialized.
[2026-08-05 11:25:09] [INFO] [SET PRESET] targetPlayer=0, preset=2 ('VIP'), slotID=0, duration=0s, toPlayer=-1
[2026-08-05 11:25:48] [INFO] [PLAYER DISCONNECT] Player ID 0 disconnected. Role state cleared.
[2026-08-05 11:25:48] [INFO] [CLEAR ROLE] ClearPlayerRole: ALL slots cleared for targetPlayer=0, toPlayer=-1
[2026-08-05 11:25:52] [INFO] [PLAYER CONNECT] Player ID 0 connected. Role state initialized.
[2026-08-05 11:25:59] [INFO] [SET PRESET] targetPlayer=0, preset=2 ('VIP'), slotID=0, duration=0s, toPlayer=-1
[2026-08-05 11:26:23] [INFO] [PLAYER DISCONNECT] Player ID 0 disconnected. Role state cleared.
[2026-08-05 11:26:23] [INFO] [CLEAR ROLE] ClearPlayerRole: ALL slots cleared for targetPlayer=0, toPlayer=-1
[2026-08-05 11:32:28] [INFO] [PLAYER CONNECT] Player ID 0 connected. Role state initialized.
[2026-08-05 11:32:35] [INFO] [SET PRESET] targetPlayer=0, preset=2 ('VIP'), slotID=0, duration=0s, toPlayer=-1
[2026-08-05 11:32:58] [INFO] [PLAYER DISCONNECT] Player ID 0 disconnected. Role state cleared.
[2026-08-05 11:32:58] [INFO] [CLEAR ROLE] ClearPlayerRole: ALL slots cleared for targetPlayer=0, toPlayer=-1
[2026-08-05 11:33:11] [INFO] [PLAYER CONNECT] Player ID 0 connected. Role state initialized.
[2026-08-05 11:33:18] [INFO] [SET PRESET] targetPlayer=0, preset=2 ('VIP'), slotID=0, duration=0s, toPlayer=-1
[2026-08-05 11:33:45] [INFO] [PLAYER DISCONNECT] Player ID 0 disconnected. Role state cleared.
[2026-08-05 11:33:45] [INFO] [CLEAR ROLE] ClearPlayerRole: ALL slots cleared for targetPlayer=0, toPlayer=-1
[2026-08-05 11:37:32] [INFO] [PLAYER CONNECT] Player ID 0 connected. Role state initialized.
[2026-08-05 11:37:41] [INFO] [SET PRESET] targetPlayer=0, preset=2 ('VIP'), slotID=0, duration=0s, toPlayer=-1
[2026-08-05 11:37:57] [INFO] [PLAYER DISCONNECT] Player ID 0 disconnected. Role state cleared.
[2026-08-05 11:37:57] [INFO] [CLEAR ROLE] ClearPlayerRole: ALL slots cleared for targetPlayer=0, toPlayer=-1
[2026-08-05 11:37:58] [INFO] [PLAYER CONNECT] Player ID 0 connected. Role state initialized.
[2026-08-05 11:38:05] [INFO] [SET PRESET] targetPlayer=0, preset=2 ('VIP'), slotID=0, duration=0s, toPlayer=-1
[2026-08-05 11:38:15] [INFO] [PLAYER DISCONNECT] Player ID 0 disconnected. Role state cleared.
[2026-08-05 11:38:15] [INFO] [CLEAR ROLE] ClearPlayerRole: ALL slots cleared for targetPlayer=0, toPlayer=-1
[2026-08-05 11:40:16] [INFO] [PLAYER CONNECT] Player ID 0 connected. Role state initialized.
[2026-08-05 11:40:23] [INFO] [SET PRESET] targetPlayer=0, preset=2 ('VIP'), slotID=0, duration=0s, toPlayer=-1
[2026-08-05 11:40:41] [INFO] [PLAYER DISCONNECT] Player ID 0 disconnected. Role state cleared.
[2026-08-05 11:40:41] [INFO] [CLEAR ROLE] ClearPlayerRole: ALL slots cleared for targetPlayer=0, toPlayer=-1
[2026-08-05 11:41:39] [INFO] [PLAYER CONNECT] Player ID 0 connected. Role state initialized.
[2026-08-05 11:41:48] [INFO] [SET PRESET] targetPlayer=0, preset=2 ('VIP'), slotID=0, duration=0s, toPlayer=-1
[2026-08-05 11:41:58] [INFO] [PLAYER DISCONNECT] Player ID 0 disconnected. Role state cleared.
[2026-08-05 11:41:58] [INFO] [CLEAR ROLE] ClearPlayerRole: ALL slots cleared for targetPlayer=0, toPlayer=-1
[2026-08-05 11:43:03] [INFO] [PLAYER CONNECT] Player ID 0 connected. Role state initialized.
[2026-08-05 11:43:11] [INFO] [SET PRESET] targetPlayer=0, preset=2 ('VIP'), slotID=0, duration=0s, toPlayer=-1
[2026-08-05 11:43:21] [INFO] [PLAYER DISCONNECT] Player ID 0 disconnected. Role state cleared.
[2026-08-05 11:43:21] [INFO] [CLEAR ROLE] ClearPlayerRole: ALL slots cleared for targetPlayer=0, toPlayer=-1
[2026-08-05 11:43:31] [INFO] [PLAYER CONNECT] Player ID 0 connected. Role state initialized.
[2026-08-05 11:43:38] [INFO] [SET PRESET] targetPlayer=0, preset=2 ('VIP'), slotID=0, duration=0s, toPlayer=-1
[2026-08-05 11:43:49] [INFO] [PLAYER DISCONNECT] Player ID 0 disconnected. Role state cleared.
[2026-08-05 11:43:49] [INFO] [CLEAR ROLE] ClearPlayerRole: ALL slots cleared for targetPlayer=0, toPlayer=-1
[2026-08-05 11:45:21] [INFO] [PLAYER CONNECT] Player ID 0 connected. Role state initialized.
[2026-08-05 11:45:35] [INFO] [SET PRESET] targetPlayer=0, preset=2 ('VIP'), slotID=0, duration=0s, toPlayer=-1
[2026-08-05 11:45:50] [INFO] [PLAYER DISCONNECT] Player ID 0 disconnected. Role state cleared.
[2026-08-05 11:45:50] [INFO] [CLEAR ROLE] ClearPlayerRole: ALL slots cleared for targetPlayer=0, toPlayer=-1
[2026-08-05 11:51:05] [INFO] [PLAYER CONNECT] Player ID 0 connected. Role state initialized.
[2026-08-05 11:51:35] [INFO] [PLAYER DISCONNECT] Player ID 0 disconnected. Role state cleared.
[2026-08-05 11:51:35] [INFO] [CLEAR ROLE] ClearPlayerRole: ALL slots cleared for targetPlayer=0, toPlayer=-1
[2026-08-05 11:51:41] [INFO] [PLAYER CONNECT] Player ID 0 connected. Role state initialized.
[2026-08-05 11:51:57] [INFO] [SET PRESET] targetPlayer=0, preset=2 ('VIP'), slotID=0, duration=0s, toPlayer=-1
[2026-08-05 11:52:18] [INFO] [PLAYER DISCONNECT] Player ID 0 disconnected. Role state cleared.
[2026-08-05 11:52:18] [INFO] [CLEAR ROLE] ClearPlayerRole: ALL slots cleared for targetPlayer=0, toPlayer=-1
[2026-08-05 11:53:54] [INFO] [PLAYER CONNECT] Player ID 0 connected. Role state initialized.
[2026-08-05 11:54:19] [INFO] [PLAYER DISCONNECT] Player ID 0 disconnected. Role state cleared.
[2026-08-05 11:54:19] [INFO] [CLEAR ROLE] ClearPlayerRole: ALL slots cleared for targetPlayer=0, toPlayer=-1
[2026-08-05 11:55:17] [INFO] [PLAYER CONNECT] Player ID 0 connected. Role state initialized.
[2026-08-05 11:55:25] [INFO] [SET PRESET] targetPlayer=0, preset=2 ('VIP'), slotID=0, duration=0s, toPlayer=-1
[2026-08-05 11:55:56] [INFO] [PLAYER DISCONNECT] Player ID 0 disconnected. Role state cleared.
[2026-08-05 11:55:56] [INFO] [CLEAR ROLE] ClearPlayerRole: ALL slots cleared for targetPlayer=0, toPlayer=-1
[2026-08-05 11:57:17] [INFO] [PLAYER CONNECT] Player ID 0 connected. Role state initialized.
[2026-08-05 11:57:25] [INFO] [SET PRESET] targetPlayer=0, preset=2 ('VIP'), slotID=0, duration=0s, toPlayer=-1
[2026-08-05 11:59:08] [INFO] [PLAYER DISCONNECT] Player ID 0 disconnected. Role state cleared.
[2026-08-05 11:59:08] [INFO] [CLEAR ROLE] ClearPlayerRole: ALL slots cleared for targetPlayer=0, toPlayer=-1
[2026-08-05 11:59:24] [INFO] [PLAYER CONNECT] Player ID 0 connected. Role state initialized.
[2026-08-05 11:59:32] [INFO] [SET PRESET] targetPlayer=0, preset=2 ('VIP'), slotID=0, duration=0s, toPlayer=-1
[2026-08-05 11:59:59] [INFO] [PLAYER DISCONNECT] Player ID 0 disconnected. Role state cleared.
[2026-08-05 11:59:59] [INFO] [CLEAR ROLE] ClearPlayerRole: ALL slots cleared for targetPlayer=0, toPlayer=-1
[2026-08-05 12:00:12] [INFO] [PLAYER CONNECT] Player ID 0 connected. Role state initialized.
[2026-08-05 12:00:19] [INFO] [SET PRESET] targetPlayer=0, preset=2 ('VIP'), slotID=0, duration=0s, toPlayer=-1
[2026-08-05 12:00:42] [INFO] [PLAYER DISCONNECT] Player ID 0 disconnected. Role state cleared.
[2026-08-05 12:00:42] [INFO] [CLEAR ROLE] ClearPlayerRole: ALL slots cleared for targetPlayer=0, toPlayer=-1
[2026-08-05 12:03:14] [INFO] [PLAYER CONNECT] Player ID 0 connected. Role state initialized.
[2026-08-05 12:03:27] [INFO] [SET PRESET] targetPlayer=0, preset=2 ('VIP'), slotID=0, duration=0s, toPlayer=-1
[2026-08-05 12:04:06] [INFO] [PLAYER DISCONNECT] Player ID 0 disconnected. Role state cleared.
[2026-08-05 12:04:06] [INFO] [CLEAR ROLE] ClearPlayerRole: ALL slots cleared for targetPlayer=0, toPlayer=-1
[2026-08-05 12:05:16] [INFO] [PLAYER CONNECT] Player ID 0 connected. Role state initialized.
[2026-08-05 12:05:29] [INFO] [SET PRESET] targetPlayer=0, preset=2 ('VIP'), slotID=0, duration=0s, toPlayer=-1
[2026-08-05 12:07:23] [INFO] [PLAYER DISCONNECT] Player ID 0 disconnected. Role state cleared.
[2026-08-05 12:07:23] [INFO] [CLEAR ROLE] ClearPlayerRole: ALL slots cleared for targetPlayer=0, toPlayer=-1
[2026-08-05 12:08:00] [INFO] [PLAYER CONNECT] Player ID 0 connected. Role state initialized.
[2026-08-05 12:08:14] [INFO] [SET PRESET] targetPlayer=0, preset=2 ('VIP'), slotID=0, duration=0s, toPlayer=-1
[2026-08-05 12:09:58] [INFO] [PLAYER DISCONNECT] Player ID 0 disconnected. Role state cleared.
[2026-08-05 12:09:58] [INFO] [CLEAR ROLE] ClearPlayerRole: ALL slots cleared for targetPlayer=0, toPlayer=-1
[2026-08-05 12:10:36] [INFO] [PLAYER CONNECT] Player ID 0 connected. Role state initialized.
[2026-08-05 12:10:44] [INFO] [SET PRESET] targetPlayer=0, preset=2 ('VIP'), slotID=0, duration=0s, toPlayer=-1
[2026-08-05 12:11:08] [INFO] [PLAYER DISCONNECT] Player ID 0 disconnected. Role state cleared.
[2026-08-05 12:11:08] [INFO] [CLEAR ROLE] ClearPlayerRole: ALL slots cleared for targetPlayer=0, toPlayer=-1
[2026-08-05 12:13:00] [INFO] [PLAYER CONNECT] Player ID 0 connected. Role state initialized.
[2026-08-05 12:13:08] [INFO] [SET PRESET] targetPlayer=0, preset=2 ('VIP'), slotID=0, duration=0s, toPlayer=-1
[2026-08-05 12:13:37] [INFO] [PLAYER DISCONNECT] Player ID 0 disconnected. Role state cleared.
[2026-08-05 12:13:37] [INFO] [CLEAR ROLE] ClearPlayerRole: ALL slots cleared for targetPlayer=0, toPlayer=-1
[2026-08-05 12:13:43] [INFO] [PLAYER CONNECT] Player ID 0 connected. Role state initialized.
[2026-08-05 12:14:24] [INFO] [PLAYER DISCONNECT] Player ID 0 disconnected. Role state cleared.
[2026-08-05 12:14:24] [INFO] [CLEAR ROLE] ClearPlayerRole: ALL slots cleared for targetPlayer=0, toPlayer=-1
[2026-08-05 12:18:50] [INFO] [PLAYER CONNECT] Player ID 0 connected. Role state initialized.
[2026-08-05 12:18:59] [INFO] [SET PRESET] targetPlayer=0, preset=2 ('VIP'), slotID=0, duration=0s, toPlayer=-1
[2026-08-05 12:20:13] [INFO] [LIFECYCLE] RoleComponent component unloading...
[2026-08-05 12:20:13] [INFO] [LIFECYCLE] RoleComponent fully unloaded.
[2026-08-05 12:33:32] [INFO] =================================================================
[2026-08-05 12:33:32] [INFO] [LIFECYCLE] RoleComponent plugin loaded into open:mp server.
[2026-08-05 12:33:32] [INFO] =================================================================
[2026-08-05 12:33:32] [INFO] [LIFECYCLE] Event handler registered with core IPlayerPool.
[2026-08-05 12:33:32] [INFO] [LIFECYCLE] RoleComponent is ready and listening to server player events.
[2026-08-05 12:33:36] [INFO] [RESOURCE] AddRoleResource registered: Key='admin.png', URL='http://gtahub.kntech.co/icons/admin.png', LocalPath='HUB-Core/icons/admin.png', AlreadyLoaded=1
[2026-08-05 12:33:36] [INFO] [RESOURCE] AddRoleResource registered: Key='vip.png', URL='http://gtahub.kntech.co/icons/vip.png', LocalPath='HUB-Core/icons/vip.png', AlreadyLoaded=1
[2026-08-05 12:33:36] [INFO] [RESOURCE] AddRoleResource registered: Key='mod.png', URL='http://gtahub.kntech.co/icons/moderator.png', LocalPath='HUB-Core/icons/mod.png', AlreadyLoaded=1
[2026-08-05 12:33:36] [INFO] [RESOURCE] AddRoleResource registered: Key='helper.png', URL='http://gtahub.kntech.co/icons/helper.png', LocalPath='HUB-Core/icons/helper.png', AlreadyLoaded=1
[2026-08-05 12:33:36] [INFO] [RESOURCE] AddRoleResource registered: Key='dev.png', URL='http://gtahub.kntech.co/icons/dev.png', LocalPath='HUB-Core/icons/dev.png', AlreadyLoaded=1
[2026-08-05 12:33:36] [INFO] [CONFIG] SetRoleGlobalConfig: Distance=25.0m, LOS=1, AutoHideVeh=1, IconSize=32.0x32.0
[2026-08-05 12:33:40] [INFO] [PLAYER CONNECT] Player ID 0 connected. Role state initialized.
[2026-08-05 12:33:56] [INFO] [PLAYER DISCONNECT] Player ID 0 disconnected. Role state cleared.
[2026-08-05 12:33:56] [INFO] [CLEAR ROLE] ClearPlayerRole: ALL slots cleared for targetPlayer=0, toPlayer=-1
[2026-08-05 12:34:13] [INFO] [PLAYER CONNECT] Player ID 0 connected. Role state initialized.
[2026-08-05 12:34:21] [INFO] [SET PRESET] targetPlayer=0, preset=2 ('VIP'), slotID=0, duration=0s, toPlayer=-1
[2026-08-05 12:36:39] [INFO] [LIFECYCLE] RoleComponent component unloading...
[2026-08-05 12:36:39] [INFO] [LIFECYCLE] RoleComponent fully unloaded.
[2026-08-05 12:37:22] [INFO] =================================================================
[2026-08-05 12:37:22] [INFO] [LIFECYCLE] RoleComponent plugin loaded into open:mp server.
[2026-08-05 12:37:22] [INFO] =================================================================
[2026-08-05 12:37:22] [INFO] [LIFECYCLE] Event handler registered with core IPlayerPool.
[2026-08-05 12:37:22] [INFO] [LIFECYCLE] RoleComponent is ready and listening to server player events.
[2026-08-05 12:37:29] [INFO] [LIFECYCLE] RoleComponent component unloading...
[2026-08-05 12:37:29] [INFO] [LIFECYCLE] RoleComponent fully unloaded.
[2026-08-05 12:37:34] [INFO] =================================================================
[2026-08-05 12:37:34] [INFO] [LIFECYCLE] RoleComponent plugin loaded into open:mp server.
[2026-08-05 12:37:34] [INFO] =================================================================
[2026-08-05 12:37:34] [INFO] [LIFECYCLE] Event handler registered with core IPlayerPool.
[2026-08-05 12:37:34] [INFO] [LIFECYCLE] RoleComponent is ready and listening to server player events.
[2026-08-05 12:37:38] [INFO] [RESOURCE] AddRoleResource registered: Key='admin.png', URL='http://gtahub.kntech.co/icons/admin.png', LocalPath='HUB-Core/icons/admin.png', AlreadyLoaded=1
[2026-08-05 12:37:38] [INFO] [RESOURCE] AddRoleResource registered: Key='vip.png', URL='http://gtahub.kntech.co/icons/vip.png', LocalPath='HUB-Core/icons/vip.png', AlreadyLoaded=1
[2026-08-05 12:37:38] [INFO] [RESOURCE] AddRoleResource registered: Key='mod.png', URL='http://gtahub.kntech.co/icons/moderator.png', LocalPath='HUB-Core/icons/mod.png', AlreadyLoaded=1
[2026-08-05 12:37:38] [INFO] [RESOURCE] AddRoleResource registered: Key='helper.png', URL='http://gtahub.kntech.co/icons/helper.png', LocalPath='HUB-Core/icons/helper.png', AlreadyLoaded=1
[2026-08-05 12:37:38] [INFO] [RESOURCE] AddRoleResource registered: Key='dev.png', URL='http://gtahub.kntech.co/icons/dev.png', LocalPath='HUB-Core/icons/dev.png', AlreadyLoaded=1
[2026-08-05 12:37:38] [INFO] [CONFIG] SetRoleGlobalConfig: Distance=25.0m, LOS=1, AutoHideVeh=1, IconSize=32.0x32.0
[2026-08-05 12:38:28] [INFO] [PLAYER CONNECT] Player ID 0 connected. Role state initialized.
[2026-08-05 12:38:35] [INFO] [SET PRESET] targetPlayer=0, preset=2 ('VIP'), slotID=0, duration=0s, toPlayer=-1
[2026-08-05 12:39:26] [INFO] [PLAYER DISCONNECT] Player ID 0 disconnected. Role state cleared.
[2026-08-05 12:39:26] [INFO] [CLEAR ROLE] ClearPlayerRole: ALL slots cleared for targetPlayer=0, toPlayer=-1
[2026-08-05 12:40:15] [INFO] [PLAYER CONNECT] Player ID 0 connected. Role state initialized.
[2026-08-05 12:40:26] [INFO] [SET PRESET] targetPlayer=0, preset=2 ('VIP'), slotID=0, duration=0s, toPlayer=-1
[2026-08-05 12:41:15] [INFO] [PLAYER DISCONNECT] Player ID 0 disconnected. Role state cleared.
[2026-08-05 12:41:15] [INFO] [CLEAR ROLE] ClearPlayerRole: ALL slots cleared for targetPlayer=0, toPlayer=-1
[2026-08-05 12:45:28] [INFO] [PLAYER CONNECT] Player ID 0 connected. Role state initialized.
[2026-08-05 12:45:40] [INFO] [SET PRESET] targetPlayer=0, preset=2 ('VIP'), slotID=0, duration=0s, toPlayer=-1
[2026-08-05 12:45:56] [INFO] [PLAYER DISCONNECT] Player ID 0 disconnected. Role state cleared.
[2026-08-05 12:45:56] [INFO] [CLEAR ROLE] ClearPlayerRole: ALL slots cleared for targetPlayer=0, toPlayer=-1
[2026-08-05 12:47:24] [INFO] [PLAYER CONNECT] Player ID 0 connected. Role state initialized.
[2026-08-05 12:47:36] [INFO] [SET PRESET] targetPlayer=0, preset=2 ('VIP'), slotID=0, duration=0s, toPlayer=-1
[2026-08-05 12:47:58] [INFO] [PLAYER DISCONNECT] Player ID 0 disconnected. Role state cleared.
[2026-08-05 12:47:58] [INFO] [CLEAR ROLE] ClearPlayerRole: ALL slots cleared for targetPlayer=0, toPlayer=-1
[2026-08-05 12:50:21] [INFO] [PLAYER CONNECT] Player ID 0 connected. Role state initialized.
[2026-08-05 12:50:31] [INFO] [SET PRESET] targetPlayer=0, preset=2 ('VIP'), slotID=0, duration=0s, toPlayer=-1
[2026-08-05 12:51:08] [INFO] [PLAYER DISCONNECT] Player ID 0 disconnected. Role state cleared.
[2026-08-05 12:51:08] [INFO] [CLEAR ROLE] ClearPlayerRole: ALL slots cleared for targetPlayer=0, toPlayer=-1
[2026-08-05 12:53:23] [INFO] [PLAYER CONNECT] Player ID 0 connected. Role state initialized.
[2026-08-05 12:53:33] [INFO] [SET PRESET] targetPlayer=0, preset=2 ('VIP'), slotID=0, duration=0s, toPlayer=-1
[2026-08-05 12:54:28] [INFO] [PLAYER DISCONNECT] Player ID 0 disconnected. Role state cleared.
[2026-08-05 12:54:29] [INFO] [CLEAR ROLE] ClearPlayerRole: ALL slots cleared for targetPlayer=0, toPlayer=-1
[2026-08-05 12:58:09] [INFO] [PLAYER CONNECT] Player ID 0 connected. Role state initialized.
[2026-08-05 12:58:24] [INFO] [SET PRESET] targetPlayer=0, preset=2 ('VIP'), slotID=0, duration=0s, toPlayer=-1
[2026-08-05 12:58:46] [INFO] [PLAYER DISCONNECT] Player ID 0 disconnected. Role state cleared.
[2026-08-05 12:58:46] [INFO] [CLEAR ROLE] ClearPlayerRole: ALL slots cleared for targetPlayer=0, toPlayer=-1
[2026-08-05 13:37:07] [INFO] =================================================================
[2026-08-05 13:37:07] [INFO] [LIFECYCLE] RoleComponent plugin loaded into open:mp server.
[2026-08-05 13:37:07] [INFO] =================================================================
[2026-08-05 13:37:07] [INFO] [LIFECYCLE] Event handler registered with core IPlayerPool.
[2026-08-05 13:37:07] [INFO] [LIFECYCLE] RoleComponent is ready and listening to server player events.
[2026-08-05 13:37:09] [INFO] [PLAYER CONNECT] Player ID 0 connected. Role state initialized.
[2026-08-05 13:37:15] [INFO] [PLAYER DISCONNECT] Player ID 0 disconnected. Role state cleared.
[2026-08-05 13:39:59] [INFO] =================================================================
[2026-08-05 13:39:59] [INFO] [LIFECYCLE] RoleComponent plugin loaded into open:mp server.
[2026-08-05 13:39:59] [INFO] =================================================================
[2026-08-05 13:39:59] [INFO] [LIFECYCLE] Event handler registered with core IPlayerPool.
[2026-08-05 13:39:59] [INFO] [LIFECYCLE] RoleComponent is ready and listening to server player events.
[2026-08-05 13:40:02] [INFO] [RESOURCE] AddRoleResource registered: Key='admin.png', URL='http://gtahub.kntech.co/icons/admin.png', LocalPath='HUB-Core/icons/admin.png', AlreadyLoaded=1
[2026-08-05 13:40:02] [INFO] [RESOURCE] AddRoleResource registered: Key='vip.png', URL='http://gtahub.kntech.co/icons/vip.png', LocalPath='HUB-Core/icons/vip.png', AlreadyLoaded=1
[2026-08-05 13:40:02] [INFO] [RESOURCE] AddRoleResource registered: Key='mod.png', URL='http://gtahub.kntech.co/icons/moderator.png', LocalPath='HUB-Core/icons/mod.png', AlreadyLoaded=1
[2026-08-05 13:40:02] [INFO] [RESOURCE] AddRoleResource registered: Key='helper.png', URL='http://gtahub.kntech.co/icons/helper.png', LocalPath='HUB-Core/icons/helper.png', AlreadyLoaded=1
[2026-08-05 13:40:02] [INFO] [RESOURCE] AddRoleResource registered: Key='dev.png', URL='http://gtahub.kntech.co/icons/dev.png', LocalPath='HUB-Core/icons/dev.png', AlreadyLoaded=1
[2026-08-05 13:40:02] [INFO] [CONFIG] SetRoleGlobalConfig: Distance=25.0m, LOS=1, AutoHideVeh=1, IconSize=32.0x32.0
[2026-08-05 13:44:24] [INFO] =================================================================
[2026-08-05 13:44:24] [INFO] [LIFECYCLE] RoleComponent plugin loaded into open:mp server.
[2026-08-05 13:44:24] [INFO] =================================================================
[2026-08-05 13:44:24] [INFO] [LIFECYCLE] Event handler registered with core IPlayerPool.
[2026-08-05 13:44:24] [INFO] [LIFECYCLE] RoleComponent is ready and listening to server player events.
[2026-08-05 13:44:28] [INFO] [LIFECYCLE] RoleComponent component unloading...
[2026-08-05 13:44:28] [INFO] [LIFECYCLE] RoleComponent fully unloaded.
[2026-08-05 13:45:12] [INFO] =================================================================
[2026-08-05 13:45:12] [INFO] [LIFECYCLE] RoleComponent plugin loaded into open:mp server.
[2026-08-05 13:45:12] [INFO] =================================================================
[2026-08-05 13:45:12] [INFO] [LIFECYCLE] Event handler registered with core IPlayerPool.
[2026-08-05 13:45:12] [INFO] [LIFECYCLE] RoleComponent is ready and listening to server player events.
[2026-08-05 13:45:26] [INFO] [LIFECYCLE] RoleComponent component unloading...
[2026-08-05 13:45:26] [INFO] [LIFECYCLE] RoleComponent fully unloaded.
[2026-08-05 13:47:05] [INFO] =================================================================
[2026-08-05 13:47:05] [INFO] [LIFECYCLE] RoleComponent plugin loaded into open:mp server.
[2026-08-05 13:47:05] [INFO] =================================================================
[2026-08-05 13:47:05] [INFO] [LIFECYCLE] Event handler registered with core IPlayerPool.
[2026-08-05 13:47:05] [INFO] [LIFECYCLE] RoleComponent is ready and listening to server player events.
[2026-08-05 13:47:08] [INFO] [RESOURCE] AddRoleResource registered: Key='admin.png', URL='http://gtahub.kntech.co/icons/admin.png', LocalPath='HUB-Core/icons/admin.png', AlreadyLoaded=1
[2026-08-05 13:47:08] [INFO] [RESOURCE] AddRoleResource registered: Key='vip.png', URL='http://gtahub.kntech.co/icons/vip.png', LocalPath='HUB-Core/icons/vip.png', AlreadyLoaded=1
[2026-08-05 13:47:08] [INFO] [RESOURCE] AddRoleResource registered: Key='mod.png', URL='http://gtahub.kntech.co/icons/moderator.png', LocalPath='HUB-Core/icons/mod.png', AlreadyLoaded=1
[2026-08-05 13:47:08] [INFO] [RESOURCE] AddRoleResource registered: Key='helper.png', URL='http://gtahub.kntech.co/icons/helper.png', LocalPath='HUB-Core/icons/helper.png', AlreadyLoaded=1
[2026-08-05 13:47:08] [INFO] [RESOURCE] AddRoleResource registered: Key='dev.png', URL='http://gtahub.kntech.co/icons/dev.png', LocalPath='HUB-Core/icons/dev.png', AlreadyLoaded=1
[2026-08-05 13:47:08] [INFO] [CONFIG] SetRoleGlobalConfig: Distance=25.0m, LOS=1, AutoHideVeh=1, IconSize=32.0x32.0
[2026-08-05 13:47:33] [INFO] [PLAYER CONNECT] Player ID 0 connected. Role state initialized.
[2026-08-05 13:47:46] [INFO] [PLAYER DISCONNECT] Player ID 0 disconnected. Role state cleared.
[2026-08-05 13:47:47] [INFO] [CLEAR ROLE] ClearPlayerRole: ALL slots cleared for targetPlayer=0, toPlayer=-1
[2026-08-05 13:54:47] [INFO] [PLAYER CONNECT] Player ID 0 connected. Role state initialized.
[2026-08-05 13:54:57] [INFO] [PLAYER DISCONNECT] Player ID 0 disconnected. Role state cleared.
[2026-08-05 13:54:57] [INFO] [CLEAR ROLE] ClearPlayerRole: ALL slots cleared for targetPlayer=0, toPlayer=-1
[2026-08-05 13:55:26] [INFO] [PLAYER CONNECT] Player ID 0 connected. Role state initialized.
[2026-08-05 13:55:42] [INFO] [PLAYER DISCONNECT] Player ID 0 disconnected. Role state cleared.
[2026-08-05 13:55:42] [INFO] [CLEAR ROLE] ClearPlayerRole: ALL slots cleared for targetPlayer=0, toPlayer=-1
[2026-08-05 13:55:59] [INFO] [PLAYER CONNECT] Player ID 0 connected. Role state initialized.
[2026-08-05 13:56:14] [INFO] [PLAYER DISCONNECT] Player ID 0 disconnected. Role state cleared.
[2026-08-05 13:56:14] [INFO] [CLEAR ROLE] ClearPlayerRole: ALL slots cleared for targetPlayer=0, toPlayer=-1
[2026-08-05 14:09:16] [INFO] =================================================================
[2026-08-05 14:09:16] [INFO] [LIFECYCLE] RoleComponent plugin loaded into open:mp server.
[2026-08-05 14:09:16] [INFO] =================================================================
[2026-08-05 14:09:16] [INFO] [LIFECYCLE] Event handler registered with core IPlayerPool.
[2026-08-05 14:09:16] [INFO] [LIFECYCLE] RoleComponent is ready and listening to server player events.
[2026-08-05 14:09:19] [INFO] [RESOURCE] AddRoleResource registered: Key='admin.png', URL='http://gtahub.kntech.co/icons/admin.png', LocalPath='HUB-Core/icons/admin.png', AlreadyLoaded=1
[2026-08-05 14:09:19] [INFO] [RESOURCE] AddRoleResource registered: Key='vip.png', URL='http://gtahub.kntech.co/icons/vip.png', LocalPath='HUB-Core/icons/vip.png', AlreadyLoaded=1
[2026-08-05 14:09:19] [INFO] [RESOURCE] AddRoleResource registered: Key='mod.png', URL='http://gtahub.kntech.co/icons/moderator.png', LocalPath='HUB-Core/icons/mod.png', AlreadyLoaded=1
[2026-08-05 14:09:19] [INFO] [RESOURCE] AddRoleResource registered: Key='helper.png', URL='http://gtahub.kntech.co/icons/helper.png', LocalPath='HUB-Core/icons/helper.png', AlreadyLoaded=1
[2026-08-05 14:09:19] [INFO] [RESOURCE] AddRoleResource registered: Key='dev.png', URL='http://gtahub.kntech.co/icons/dev.png', LocalPath='HUB-Core/icons/dev.png', AlreadyLoaded=1
[2026-08-05 14:09:19] [INFO] [CONFIG] SetRoleGlobalConfig: Distance=25.0m, LOS=1, AutoHideVeh=1, IconSize=32.0x32.0
[2026-08-05 14:09:49] [INFO] =================================================================
[2026-08-05 14:09:49] [INFO] [LIFECYCLE] RoleComponent plugin loaded into open:mp server.
[2026-08-05 14:09:49] [INFO] =================================================================
[2026-08-05 14:09:49] [INFO] [LIFECYCLE] Event handler registered with core IPlayerPool.
[2026-08-05 14:09:49] [INFO] [LIFECYCLE] RoleComponent is ready and listening to server player events.
[2026-08-05 14:09:50] [INFO] [RESOURCE] AddRoleResource registered: Key='admin.png', URL='http://gtahub.kntech.co/icons/admin.png', LocalPath='HUB-Core/icons/admin.png', AlreadyLoaded=1
[2026-08-05 14:09:50] [INFO] [RESOURCE] AddRoleResource registered: Key='vip.png', URL='http://gtahub.kntech.co/icons/vip.png', LocalPath='HUB-Core/icons/vip.png', AlreadyLoaded=1
[2026-08-05 14:09:50] [INFO] [RESOURCE] AddRoleResource registered: Key='mod.png', URL='http://gtahub.kntech.co/icons/moderator.png', LocalPath='HUB-Core/icons/mod.png', AlreadyLoaded=1
[2026-08-05 14:09:50] [INFO] [RESOURCE] AddRoleResource registered: Key='helper.png', URL='http://gtahub.kntech.co/icons/helper.png', LocalPath='HUB-Core/icons/helper.png', AlreadyLoaded=1
[2026-08-05 14:09:50] [INFO] [RESOURCE] AddRoleResource registered: Key='dev.png', URL='http://gtahub.kntech.co/icons/dev.png', LocalPath='HUB-Core/icons/dev.png', AlreadyLoaded=1
[2026-08-05 14:09:50] [INFO] [CONFIG] SetRoleGlobalConfig: Distance=25.0m, LOS=1, AutoHideVeh=1, IconSize=32.0x32.0
[2026-08-05 14:20:04] [INFO] [PLAYER CONNECT] Player ID 0 connected. Role state initialized.
[2026-08-05 14:20:17] [INFO] [PLAYER DISCONNECT] Player ID 0 disconnected. Role state cleared.
[2026-08-05 14:20:17] [INFO] [CLEAR ROLE] ClearPlayerRole: ALL slots cleared for targetPlayer=0, toPlayer=-1
[2026-08-05 14:22:33] [INFO] [PLAYER CONNECT] Player ID 0 connected. Role state initialized.
[2026-08-05 14:22:46] [INFO] [SET PRESET] targetPlayer=0, preset=2 ('VIP'), slotID=0, duration=0s, toPlayer=-1
[2026-08-05 14:23:09] [INFO] [PLAYER DISCONNECT] Player ID 0 disconnected. Role state cleared.
[2026-08-05 14:23:09] [INFO] [CLEAR ROLE] ClearPlayerRole: ALL slots cleared for targetPlayer=0, toPlayer=-1
[2026-08-05 14:27:52] [INFO] [PLAYER CONNECT] Player ID 0 connected. Role state initialized.
[2026-08-05 14:28:16] [INFO] [PLAYER DISCONNECT] Player ID 0 disconnected. Role state cleared.
[2026-08-05 14:28:16] [INFO] [CLEAR ROLE] ClearPlayerRole: ALL slots cleared for targetPlayer=0, toPlayer=-1
[2026-08-05 14:40:59] [INFO] [PLAYER CONNECT] Player ID 0 connected. Role state initialized.
[2026-08-05 14:41:00] [INFO] [PLAYER DISCONNECT] Player ID 0 disconnected. Role state cleared.
[2026-08-05 14:41:00] [INFO] [CLEAR ROLE] ClearPlayerRole: ALL slots cleared for targetPlayer=0, toPlayer=-1
[2026-08-05 14:42:11] [INFO] [PLAYER CONNECT] Player ID 0 connected. Role state initialized.
[2026-08-05 14:42:21] [INFO] [PLAYER DISCONNECT] Player ID 0 disconnected. Role state cleared.
[2026-08-05 14:42:21] [INFO] [CLEAR ROLE] ClearPlayerRole: ALL slots cleared for targetPlayer=0, toPlayer=-1
[2026-08-05 14:49:35] [INFO] [PLAYER CONNECT] Player ID 0 connected. Role state initialized.
[2026-08-05 14:49:47] [INFO] [SET PRESET] targetPlayer=0, preset=2 ('VIP'), slotID=0, duration=0s, toPlayer=-1
[2026-08-05 14:50:37] [INFO] [PLAYER DISCONNECT] Player ID 0 disconnected. Role state cleared.
[2026-08-05 14:50:37] [INFO] [CLEAR ROLE] ClearPlayerRole: ALL slots cleared for targetPlayer=0, toPlayer=-1
[2026-08-05 15:14:55] [INFO] =================================================================
[2026-08-05 15:14:55] [INFO] [LIFECYCLE] RoleComponent plugin loaded into open:mp server.
[2026-08-05 15:14:55] [INFO] =================================================================
[2026-08-05 15:14:55] [INFO] [LIFECYCLE] Event handler registered with core IPlayerPool.
[2026-08-05 15:14:55] [INFO] [LIFECYCLE] RoleComponent is ready and listening to server player events.
[2026-08-05 15:15:00] [INFO] [RESOURCE] AddRoleResource registered: Key='admin.png', URL='http://gtahub.kntech.co/icons/admin.png', LocalPath='HUB-Core/icons/admin.png', AlreadyLoaded=1
[2026-08-05 15:15:00] [INFO] [RESOURCE] AddRoleResource registered: Key='vip.png', URL='http://gtahub.kntech.co/icons/vip.png', LocalPath='HUB-Core/icons/vip.png', AlreadyLoaded=1
[2026-08-05 15:15:00] [INFO] [RESOURCE] AddRoleResource registered: Key='mod.png', URL='http://gtahub.kntech.co/icons/moderator.png', LocalPath='HUB-Core/icons/mod.png', AlreadyLoaded=1
[2026-08-05 15:15:00] [INFO] [RESOURCE] AddRoleResource registered: Key='helper.png', URL='http://gtahub.kntech.co/icons/helper.png', LocalPath='HUB-Core/icons/helper.png', AlreadyLoaded=1
[2026-08-05 15:15:00] [INFO] [RESOURCE] AddRoleResource registered: Key='dev.png', URL='http://gtahub.kntech.co/icons/dev.png', LocalPath='HUB-Core/icons/dev.png', AlreadyLoaded=1
[2026-08-05 15:15:00] [INFO] [CONFIG] SetRoleGlobalConfig: Distance=25.0m, LOS=1, AutoHideVeh=1, IconSize=32.0x32.0
[2026-08-05 15:21:09] [INFO] =================================================================
[2026-08-05 15:21:09] [INFO] [LIFECYCLE] RoleComponent plugin loaded into open:mp server.
[2026-08-05 15:21:09] [INFO] =================================================================
[2026-08-05 15:21:09] [INFO] [LIFECYCLE] Event handler registered with core IPlayerPool.
[2026-08-05 15:21:09] [INFO] [LIFECYCLE] RoleComponent is ready and listening to server player events.
[2026-08-05 15:21:13] [INFO] [RESOURCE] AddRoleResource registered: Key='admin.png', URL='http://gtahub.kntech.co/icons/admin.png', LocalPath='HUB-Core/icons/admin.png', AlreadyLoaded=1
[2026-08-05 15:21:13] [INFO] [RESOURCE] AddRoleResource registered: Key='vip.png', URL='http://gtahub.kntech.co/icons/vip.png', LocalPath='HUB-Core/icons/vip.png', AlreadyLoaded=1
[2026-08-05 15:21:13] [INFO] [RESOURCE] AddRoleResource registered: Key='mod.png', URL='http://gtahub.kntech.co/icons/moderator.png', LocalPath='HUB-Core/icons/mod.png', AlreadyLoaded=1
[2026-08-05 15:21:13] [INFO] [RESOURCE] AddRoleResource registered: Key='helper.png', URL='http://gtahub.kntech.co/icons/helper.png', LocalPath='HUB-Core/icons/helper.png', AlreadyLoaded=1
[2026-08-05 15:21:13] [INFO] [RESOURCE] AddRoleResource registered: Key='dev.png', URL='http://gtahub.kntech.co/icons/dev.png', LocalPath='HUB-Core/icons/dev.png', AlreadyLoaded=1
[2026-08-05 15:21:13] [INFO] [CONFIG] SetRoleGlobalConfig: Distance=25.0m, LOS=1, AutoHideVeh=1, IconSize=32.0x32.0
[2026-08-05 15:21:49] [INFO] =================================================================
[2026-08-05 15:21:49] [INFO] [LIFECYCLE] RoleComponent plugin loaded into open:mp server.
[2026-08-05 15:21:49] [INFO] =================================================================
[2026-08-05 15:21:49] [INFO] [LIFECYCLE] Event handler registered with core IPlayerPool.
[2026-08-05 15:21:49] [INFO] [LIFECYCLE] RoleComponent is ready and listening to server player events.
[2026-08-05 15:21:51] [INFO] [RESOURCE] AddRoleResource registered: Key='admin.png', URL='http://gtahub.kntech.co/icons/admin.png', LocalPath='HUB-Core/icons/admin.png', AlreadyLoaded=1
[2026-08-05 15:21:51] [INFO] [RESOURCE] AddRoleResource registered: Key='vip.png', URL='http://gtahub.kntech.co/icons/vip.png', LocalPath='HUB-Core/icons/vip.png', AlreadyLoaded=1
[2026-08-05 15:21:51] [INFO] [RESOURCE] AddRoleResource registered: Key='mod.png', URL='http://gtahub.kntech.co/icons/moderator.png', LocalPath='HUB-Core/icons/mod.png', AlreadyLoaded=1
[2026-08-05 15:21:51] [INFO] [RESOURCE] AddRoleResource registered: Key='helper.png', URL='http://gtahub.kntech.co/icons/helper.png', LocalPath='HUB-Core/icons/helper.png', AlreadyLoaded=1
[2026-08-05 15:21:51] [INFO] [RESOURCE] AddRoleResource registered: Key='dev.png', URL='http://gtahub.kntech.co/icons/dev.png', LocalPath='HUB-Core/icons/dev.png', AlreadyLoaded=1
[2026-08-05 15:21:51] [INFO] [CONFIG] SetRoleGlobalConfig: Distance=25.0m, LOS=1, AutoHideVeh=1, IconSize=32.0x32.0
[2026-08-05 15:21:57] [INFO] =================================================================
[2026-08-05 15:21:57] [INFO] [LIFECYCLE] RoleComponent plugin loaded into open:mp server.
[2026-08-05 15:21:57] [INFO] =================================================================
[2026-08-05 15:21:57] [INFO] [LIFECYCLE] Event handler registered with core IPlayerPool.
[2026-08-05 15:21:57] [INFO] [LIFECYCLE] RoleComponent is ready and listening to server player events.
[2026-08-05 15:21:59] [INFO] [RESOURCE] AddRoleResource registered: Key='admin.png', URL='http://gtahub.kntech.co/icons/admin.png', LocalPath='HUB-Core/icons/admin.png', AlreadyLoaded=1
[2026-08-05 15:21:59] [INFO] [RESOURCE] AddRoleResource registered: Key='vip.png', URL='http://gtahub.kntech.co/icons/vip.png', LocalPath='HUB-Core/icons/vip.png', AlreadyLoaded=1
[2026-08-05 15:21:59] [INFO] [RESOURCE] AddRoleResource registered: Key='mod.png', URL='http://gtahub.kntech.co/icons/moderator.png', LocalPath='HUB-Core/icons/mod.png', AlreadyLoaded=1
[2026-08-05 15:21:59] [INFO] [RESOURCE] AddRoleResource registered: Key='helper.png', URL='http://gtahub.kntech.co/icons/helper.png', LocalPath='HUB-Core/icons/helper.png', AlreadyLoaded=1
[2026-08-05 15:21:59] [INFO] [RESOURCE] AddRoleResource registered: Key='dev.png', URL='http://gtahub.kntech.co/icons/dev.png', LocalPath='HUB-Core/icons/dev.png', AlreadyLoaded=1
[2026-08-05 15:22:00] [INFO] [CONFIG] SetRoleGlobalConfig: Distance=25.0m, LOS=1, AutoHideVeh=1, IconSize=32.0x32.0
[2026-08-05 15:28:06] [INFO] =================================================================
[2026-08-05 15:28:06] [INFO] [LIFECYCLE] RoleComponent plugin loaded into open:mp server.
[2026-08-05 15:28:06] [INFO] =================================================================
[2026-08-05 15:28:06] [INFO] [LIFECYCLE] Event handler registered with core IPlayerPool.
[2026-08-05 15:28:06] [INFO] [LIFECYCLE] RoleComponent is ready and listening to server player events.
[2026-08-05 15:28:09] [INFO] [RESOURCE] AddRoleResource registered: Key='admin.png', URL='http://gtahub.kntech.co/icons/admin.png', LocalPath='HUB-Core/icons/admin.png', AlreadyLoaded=1
[2026-08-05 15:28:09] [INFO] [RESOURCE] AddRoleResource registered: Key='vip.png', URL='http://gtahub.kntech.co/icons/vip.png', LocalPath='HUB-Core/icons/vip.png', AlreadyLoaded=1
[2026-08-05 15:28:09] [INFO] [RESOURCE] AddRoleResource registered: Key='mod.png', URL='http://gtahub.kntech.co/icons/moderator.png', LocalPath='HUB-Core/icons/mod.png', AlreadyLoaded=1
[2026-08-05 15:28:09] [INFO] [RESOURCE] AddRoleResource registered: Key='helper.png', URL='http://gtahub.kntech.co/icons/helper.png', LocalPath='HUB-Core/icons/helper.png', AlreadyLoaded=1
[2026-08-05 15:28:09] [INFO] [RESOURCE] AddRoleResource registered: Key='dev.png', URL='http://gtahub.kntech.co/icons/dev.png', LocalPath='HUB-Core/icons/dev.png', AlreadyLoaded=1
[2026-08-05 15:28:09] [INFO] [CONFIG] SetRoleGlobalConfig: Distance=25.0m, LOS=1, AutoHideVeh=1, IconSize=32.0x32.0
[2026-08-05 15:29:18] [INFO] [PLAYER CONNECT] Player ID 0 connected. Role state initialized.
[2026-08-05 15:29:31] [INFO] [SET PRESET] targetPlayer=0, preset=2 ('VIP'), slotID=0, duration=0s, toPlayer=-1
[2026-08-05 15:29:52] [INFO] [PLAYER DISCONNECT] Player ID 0 disconnected. Role state cleared.
[2026-08-05 15:29:52] [INFO] [CLEAR ROLE] ClearPlayerRole: ALL slots cleared for targetPlayer=0, toPlayer=-1
[2026-08-05 15:30:04] [INFO] [PLAYER CONNECT] Player ID 0 connected. Role state initialized.
[2026-08-05 15:30:46] [INFO] [PLAYER DISCONNECT] Player ID 0 disconnected. Role state cleared.
[2026-08-05 15:30:46] [INFO] [CLEAR ROLE] ClearPlayerRole: ALL slots cleared for targetPlayer=0, toPlayer=-1
[2026-08-05 15:35:45] [INFO] =================================================================
[2026-08-05 15:35:45] [INFO] [LIFECYCLE] RoleComponent plugin loaded into open:mp server.
[2026-08-05 15:35:45] [INFO] =================================================================
[2026-08-05 15:35:45] [INFO] [LIFECYCLE] Event handler registered with core IPlayerPool.
[2026-08-05 15:35:45] [INFO] [LIFECYCLE] RoleComponent is ready and listening to server player events.
[2026-08-05 15:35:47] [INFO] [RESOURCE] AddRoleResource registered: Key='admin.png', URL='http://gtahub.kntech.co/icons/admin.png', LocalPath='HUB-Core/icons/admin.png', AlreadyLoaded=1
[2026-08-05 15:35:47] [INFO] [RESOURCE] AddRoleResource registered: Key='vip.png', URL='http://gtahub.kntech.co/icons/vip.png', LocalPath='HUB-Core/icons/vip.png', AlreadyLoaded=1
[2026-08-05 15:35:47] [INFO] [RESOURCE] AddRoleResource registered: Key='mod.png', URL='http://gtahub.kntech.co/icons/moderator.png', LocalPath='HUB-Core/icons/mod.png', AlreadyLoaded=1
[2026-08-05 15:35:47] [INFO] [RESOURCE] AddRoleResource registered: Key='helper.png', URL='http://gtahub.kntech.co/icons/helper.png', LocalPath='HUB-Core/icons/helper.png', AlreadyLoaded=1
[2026-08-05 15:35:47] [INFO] [RESOURCE] AddRoleResource registered: Key='dev.png', URL='http://gtahub.kntech.co/icons/dev.png', LocalPath='HUB-Core/icons/dev.png', AlreadyLoaded=1
[2026-08-05 15:35:47] [INFO] [CONFIG] SetRoleGlobalConfig: Distance=25.0m, LOS=1, AutoHideVeh=1, IconSize=32.0x32.0
[2026-08-05 15:48:30] [INFO] =================================================================
[2026-08-05 15:48:30] [INFO] [LIFECYCLE] RoleComponent plugin loaded into open:mp server.
[2026-08-05 15:48:30] [INFO] =================================================================
[2026-08-05 15:48:30] [INFO] [LIFECYCLE] Event handler registered with core IPlayerPool.
[2026-08-05 15:48:30] [INFO] [LIFECYCLE] RoleComponent is ready and listening to server player events.
[2026-08-05 15:48:32] [INFO] [RESOURCE] AddRoleResource registered: Key='admin.png', URL='http://gtahub.kntech.co/icons/admin.png', LocalPath='HUB-Core/icons/admin.png', AlreadyLoaded=1
[2026-08-05 15:48:32] [INFO] [RESOURCE] AddRoleResource registered: Key='vip.png', URL='http://gtahub.kntech.co/icons/vip.png', LocalPath='HUB-Core/icons/vip.png', AlreadyLoaded=1
[2026-08-05 15:48:32] [INFO] [RESOURCE] AddRoleResource registered: Key='mod.png', URL='http://gtahub.kntech.co/icons/moderator.png', LocalPath='HUB-Core/icons/mod.png', AlreadyLoaded=1
[2026-08-05 15:48:32] [INFO] [RESOURCE] AddRoleResource registered: Key='helper.png', URL='http://gtahub.kntech.co/icons/helper.png', LocalPath='HUB-Core/icons/helper.png', AlreadyLoaded=1
[2026-08-05 15:48:32] [INFO] [RESOURCE] AddRoleResource registered: Key='dev.png', URL='http://gtahub.kntech.co/icons/dev.png', LocalPath='HUB-Core/icons/dev.png', AlreadyLoaded=1
[2026-08-05 15:48:32] [INFO] [CONFIG] SetRoleGlobalConfig: Distance=25.0m, LOS=1, AutoHideVeh=1, IconSize=32.0x32.0
[2026-08-05 15:51:05] [INFO] =================================================================
[2026-08-05 15:51:05] [INFO] [LIFECYCLE] RoleComponent plugin loaded into open:mp server.
[2026-08-05 15:51:05] [INFO] =================================================================
[2026-08-05 15:51:05] [INFO] [LIFECYCLE] Event handler registered with core IPlayerPool.
[2026-08-05 15:51:05] [INFO] [LIFECYCLE] RoleComponent is ready and listening to server player events.
[2026-08-05 15:51:07] [INFO] [RESOURCE] AddRoleResource registered: Key='admin.png', URL='http://gtahub.kntech.co/icons/admin.png', LocalPath='HUB-Core/icons/admin.png', AlreadyLoaded=1
[2026-08-05 15:51:07] [INFO] [RESOURCE] AddRoleResource registered: Key='vip.png', URL='http://gtahub.kntech.co/icons/vip.png', LocalPath='HUB-Core/icons/vip.png', AlreadyLoaded=1
[2026-08-05 15:51:07] [INFO] [RESOURCE] AddRoleResource registered: Key='mod.png', URL='http://gtahub.kntech.co/icons/moderator.png', LocalPath='HUB-Core/icons/mod.png', AlreadyLoaded=1
[2026-08-05 15:51:07] [INFO] [RESOURCE] AddRoleResource registered: Key='helper.png', URL='http://gtahub.kntech.co/icons/helper.png', LocalPath='HUB-Core/icons/helper.png', AlreadyLoaded=1
[2026-08-05 15:51:07] [INFO] [RESOURCE] AddRoleResource registered: Key='dev.png', URL='http://gtahub.kntech.co/icons/dev.png', LocalPath='HUB-Core/icons/dev.png', AlreadyLoaded=1
[2026-08-05 15:51:07] [INFO] [CONFIG] SetRoleGlobalConfig: Distance=25.0m, LOS=1, AutoHideVeh=1, IconSize=32.0x32.0
[2026-08-05 15:55:57] [INFO] [PLAYER CONNECT] Player ID 0 connected. Role state initialized.
[2026-08-05 15:56:20] [INFO] [PLAYER DISCONNECT] Player ID 0 disconnected. Role state cleared.
[2026-08-05 15:56:20] [INFO] [CLEAR ROLE] ClearPlayerRole: ALL slots cleared for targetPlayer=0, toPlayer=-1
[2026-08-05 16:01:15] [INFO] [PLAYER CONNECT] Player ID 0 connected. Role state initialized.
[2026-08-05 16:03:00] [INFO] [PLAYER DISCONNECT] Player ID 0 disconnected. Role state cleared.
[2026-08-05 16:03:00] [INFO] [CLEAR ROLE] ClearPlayerRole: ALL slots cleared for targetPlayer=0, toPlayer=-1
[2026-08-05 16:11:43] [INFO] =================================================================
[2026-08-05 16:11:43] [INFO] [LIFECYCLE] RoleComponent plugin loaded into open:mp server.
[2026-08-05 16:11:43] [INFO] =================================================================
[2026-08-05 16:11:43] [INFO] [LIFECYCLE] Event handler registered with core IPlayerPool.
[2026-08-05 16:11:43] [INFO] [LIFECYCLE] RoleComponent is ready and listening to server player events.
[2026-08-05 16:11:45] [INFO] [RESOURCE] AddRoleResource registered: Key='admin.png', URL='http://gtahub.kntech.co/icons/admin.png', LocalPath='HUB-Core/icons/admin.png', AlreadyLoaded=1
[2026-08-05 16:11:45] [INFO] [RESOURCE] AddRoleResource registered: Key='vip.png', URL='http://gtahub.kntech.co/icons/vip.png', LocalPath='HUB-Core/icons/vip.png', AlreadyLoaded=1
[2026-08-05 16:11:45] [INFO] [RESOURCE] AddRoleResource registered: Key='mod.png', URL='http://gtahub.kntech.co/icons/moderator.png', LocalPath='HUB-Core/icons/mod.png', AlreadyLoaded=1
[2026-08-05 16:11:45] [INFO] [RESOURCE] AddRoleResource registered: Key='helper.png', URL='http://gtahub.kntech.co/icons/helper.png', LocalPath='HUB-Core/icons/helper.png', AlreadyLoaded=1
[2026-08-05 16:11:45] [INFO] [RESOURCE] AddRoleResource registered: Key='dev.png', URL='http://gtahub.kntech.co/icons/dev.png', LocalPath='HUB-Core/icons/dev.png', AlreadyLoaded=1
[2026-08-05 16:11:45] [INFO] [CONFIG] SetRoleGlobalConfig: Distance=25.0m, LOS=1, AutoHideVeh=1, IconSize=32.0x32.0
[2026-08-05 16:13:35] [INFO] =================================================================
[2026-08-05 16:13:35] [INFO] [LIFECYCLE] RoleComponent plugin loaded into open:mp server.
[2026-08-05 16:13:35] [INFO] =================================================================
[2026-08-05 16:13:35] [INFO] [LIFECYCLE] Event handler registered with core IPlayerPool.
[2026-08-05 16:13:35] [INFO] [LIFECYCLE] RoleComponent is ready and listening to server player events.
[2026-08-05 16:13:38] [INFO] [RESOURCE] AddRoleResource registered: Key='admin.png', URL='http://gtahub.kntech.co/icons/admin.png', LocalPath='HUB-Core/icons/admin.png', AlreadyLoaded=1
[2026-08-05 16:13:38] [INFO] [RESOURCE] AddRoleResource registered: Key='vip.png', URL='http://gtahub.kntech.co/icons/vip.png', LocalPath='HUB-Core/icons/vip.png', AlreadyLoaded=1
[2026-08-05 16:13:38] [INFO] [RESOURCE] AddRoleResource registered: Key='mod.png', URL='http://gtahub.kntech.co/icons/moderator.png', LocalPath='HUB-Core/icons/mod.png', AlreadyLoaded=1
[2026-08-05 16:13:38] [INFO] [RESOURCE] AddRoleResource registered: Key='helper.png', URL='http://gtahub.kntech.co/icons/helper.png', LocalPath='HUB-Core/icons/helper.png', AlreadyLoaded=1
[2026-08-05 16:13:38] [INFO] [RESOURCE] AddRoleResource registered: Key='dev.png', URL='http://gtahub.kntech.co/icons/dev.png', LocalPath='HUB-Core/icons/dev.png', AlreadyLoaded=1
[2026-08-05 16:13:38] [INFO] [CONFIG] SetRoleGlobalConfig: Distance=25.0m, LOS=1, AutoHideVeh=1, IconSize=32.0x32.0
[2026-08-05 16:16:09] [INFO] [PLAYER CONNECT] Player ID 0 connected. Role state initialized.
[2026-08-05 16:32:07] [INFO] [SET PRESET] targetPlayer=0, preset=2 ('VIP'), slotID=0, duration=0s, toPlayer=-1
[2026-08-05 16:32:39] [INFO] [PLAYER DISCONNECT] Player ID 0 disconnected. Role state cleared.
[2026-08-05 16:32:39] [INFO] [CLEAR ROLE] ClearPlayerRole: ALL slots cleared for targetPlayer=0, toPlayer=-1
[2026-08-05 16:32:47] [INFO] [PLAYER CONNECT] Player ID 0 connected. Role state initialized.
[2026-08-05 16:33:29] [INFO] [PLAYER DISCONNECT] Player ID 0 disconnected. Role state cleared.
[2026-08-05 16:33:29] [INFO] [CLEAR ROLE] ClearPlayerRole: ALL slots cleared for targetPlayer=0, toPlayer=-1
[2026-08-05 16:40:04] [INFO] =================================================================
[2026-08-05 16:40:04] [INFO] [LIFECYCLE] RoleComponent plugin loaded into open:mp server.
[2026-08-05 16:40:04] [INFO] =================================================================
[2026-08-05 16:40:04] [INFO] [LIFECYCLE] Event handler registered with core IPlayerPool.
[2026-08-05 16:40:04] [INFO] [LIFECYCLE] RoleComponent is ready and listening to server player events.
[2026-08-05 16:40:06] [INFO] [RESOURCE] AddRoleResource registered: Key='admin.png', URL='http://gtahub.kntech.co/icons/admin.png', LocalPath='HUB-Core/icons/admin.png', AlreadyLoaded=1
[2026-08-05 16:40:06] [INFO] [RESOURCE] AddRoleResource registered: Key='vip.png', URL='http://gtahub.kntech.co/icons/vip.png', LocalPath='HUB-Core/icons/vip.png', AlreadyLoaded=1
[2026-08-05 16:40:06] [INFO] [RESOURCE] AddRoleResource registered: Key='mod.png', URL='http://gtahub.kntech.co/icons/moderator.png', LocalPath='HUB-Core/icons/mod.png', AlreadyLoaded=1
[2026-08-05 16:40:06] [INFO] [RESOURCE] AddRoleResource registered: Key='helper.png', URL='http://gtahub.kntech.co/icons/helper.png', LocalPath='HUB-Core/icons/helper.png', AlreadyLoaded=1
[2026-08-05 16:40:06] [INFO] [RESOURCE] AddRoleResource registered: Key='dev.png', URL='http://gtahub.kntech.co/icons/dev.png', LocalPath='HUB-Core/icons/dev.png', AlreadyLoaded=1
[2026-08-05 16:40:06] [INFO] [CONFIG] SetRoleGlobalConfig: Distance=25.0m, LOS=1, AutoHideVeh=1, IconSize=32.0x32.0
[2026-08-05 16:45:16] [INFO] [PLAYER CONNECT] Player ID 0 connected. Role state initialized.
[2026-08-05 16:46:13] [INFO] [PLAYER DISCONNECT] Player ID 0 disconnected. Role state cleared.
[2026-08-05 16:46:13] [INFO] [CLEAR ROLE] ClearPlayerRole: ALL slots cleared for targetPlayer=0, toPlayer=-1
[2026-08-05 16:48:13] [INFO] [PLAYER CONNECT] Player ID 0 connected. Role state initialized.
[2026-08-05 16:48:19] [INFO] [PLAYER DISCONNECT] Player ID 0 disconnected. Role state cleared.
[2026-08-05 16:48:19] [INFO] [CLEAR ROLE] ClearPlayerRole: ALL slots cleared for targetPlayer=0, toPlayer=-1
[2026-08-05 16:48:38] [INFO] [PLAYER CONNECT] Player ID 0 connected. Role state initialized.
[2026-08-05 16:49:22] [INFO] [PLAYER DISCONNECT] Player ID 0 disconnected. Role state cleared.
[2026-08-05 16:49:23] [INFO] [CLEAR ROLE] ClearPlayerRole: ALL slots cleared for targetPlayer=0, toPlayer=-1
[2026-08-05 16:51:07] [INFO] =================================================================
[2026-08-05 16:51:07] [INFO] [LIFECYCLE] RoleComponent plugin loaded into open:mp server.
[2026-08-05 16:51:07] [INFO] =================================================================
[2026-08-05 16:51:07] [INFO] [LIFECYCLE] Event handler registered with core IPlayerPool.
[2026-08-05 16:51:08] [INFO] [LIFECYCLE] RoleComponent is ready and listening to server player events.
[2026-08-05 16:51:12] [INFO] [RESOURCE] AddRoleResource registered: Key='admin.png', URL='http://gtahub.kntech.co/icons/admin.png', LocalPath='HUB-Core/icons/admin.png', AlreadyLoaded=1
[2026-08-05 16:51:12] [INFO] [RESOURCE] AddRoleResource registered: Key='vip.png', URL='http://gtahub.kntech.co/icons/vip.png', LocalPath='HUB-Core/icons/vip.png', AlreadyLoaded=1
[2026-08-05 16:51:12] [INFO] [RESOURCE] AddRoleResource registered: Key='mod.png', URL='http://gtahub.kntech.co/icons/moderator.png', LocalPath='HUB-Core/icons/mod.png', AlreadyLoaded=1
[2026-08-05 16:51:12] [INFO] [RESOURCE] AddRoleResource registered: Key='helper.png', URL='http://gtahub.kntech.co/icons/helper.png', LocalPath='HUB-Core/icons/helper.png', AlreadyLoaded=1
[2026-08-05 16:51:12] [INFO] [RESOURCE] AddRoleResource registered: Key='dev.png', URL='http://gtahub.kntech.co/icons/dev.png', LocalPath='HUB-Core/icons/dev.png', AlreadyLoaded=1
[2026-08-05 16:51:13] [INFO] [CONFIG] SetRoleGlobalConfig: Distance=25.0m, LOS=1, AutoHideVeh=1, IconSize=32.0x32.0
[2026-08-05 16:51:17] [INFO] [PLAYER CONNECT] Player ID 0 connected. Role state initialized.
[2026-08-05 16:51:43] [INFO] [PLAYER DISCONNECT] Player ID 0 disconnected. Role state cleared.
[2026-08-05 16:51:44] [INFO] [CLEAR ROLE] ClearPlayerRole: ALL slots cleared for targetPlayer=0, toPlayer=-1
[2026-08-05 16:52:46] [INFO] [PLAYER CONNECT] Player ID 0 connected. Role state initialized.
[2026-08-05 16:53:33] [INFO] [PLAYER DISCONNECT] Player ID 0 disconnected. Role state cleared.
[2026-08-05 16:53:33] [INFO] [CLEAR ROLE] ClearPlayerRole: ALL slots cleared for targetPlayer=0, toPlayer=-1
[2026-08-05 16:55:58] [INFO] =================================================================
[2026-08-05 16:55:58] [INFO] [LIFECYCLE] RoleComponent plugin loaded into open:mp server.
[2026-08-05 16:55:58] [INFO] =================================================================
[2026-08-05 16:55:58] [INFO] [LIFECYCLE] Event handler registered with core IPlayerPool.
[2026-08-05 16:55:58] [INFO] [LIFECYCLE] RoleComponent is ready and listening to server player events.
[2026-08-05 16:56:00] [INFO] [RESOURCE] AddRoleResource registered: Key='admin.png', URL='http://gtahub.kntech.co/icons/admin.png', LocalPath='HUB-Core/icons/admin.png', AlreadyLoaded=1
[2026-08-05 16:56:00] [INFO] [RESOURCE] AddRoleResource registered: Key='vip.png', URL='http://gtahub.kntech.co/icons/vip.png', LocalPath='HUB-Core/icons/vip.png', AlreadyLoaded=1
[2026-08-05 16:56:00] [INFO] [RESOURCE] AddRoleResource registered: Key='mod.png', URL='http://gtahub.kntech.co/icons/moderator.png', LocalPath='HUB-Core/icons/mod.png', AlreadyLoaded=1
[2026-08-05 16:56:00] [INFO] [RESOURCE] AddRoleResource registered: Key='helper.png', URL='http://gtahub.kntech.co/icons/helper.png', LocalPath='HUB-Core/icons/helper.png', AlreadyLoaded=1
[2026-08-05 16:56:00] [INFO] [RESOURCE] AddRoleResource registered: Key='dev.png', URL='http://gtahub.kntech.co/icons/dev.png', LocalPath='HUB-Core/icons/dev.png', AlreadyLoaded=1
[2026-08-05 16:56:00] [INFO] [CONFIG] SetRoleGlobalConfig: Distance=25.0m, LOS=1, AutoHideVeh=1, IconSize=32.0x32.0
[2026-08-05 19:26:49] [INFO] [PLAYER CONNECT] Player ID 0 connected. Role state initialized.
[2026-08-05 19:27:25] [INFO] [PLAYER DISCONNECT] Player ID 0 disconnected. Role state cleared.
[2026-08-05 19:27:25] [INFO] [CLEAR ROLE] ClearPlayerRole: ALL slots cleared for targetPlayer=0, toPlayer=-1
[2026-08-05 19:27:46] [INFO] [PLAYER CONNECT] Player ID 0 connected. Role state initialized.
[2026-08-05 19:27:54] [INFO] [PLAYER DISCONNECT] Player ID 0 disconnected. Role state cleared.
[2026-08-05 19:27:54] [INFO] [CLEAR ROLE] ClearPlayerRole: ALL slots cleared for targetPlayer=0, toPlayer=-1
[2026-08-05 19:28:24] [INFO] [PLAYER CONNECT] Player ID 0 connected. Role state initialized.
[2026-08-05 19:28:33] [INFO] [SET PRESET] targetPlayer=0, preset=2 ('VIP'), slotID=0, duration=0s, toPlayer=-1
[2026-08-05 19:29:24] [INFO] [PLAYER DISCONNECT] Player ID 0 disconnected. Role state cleared.
[2026-08-05 19:29:24] [INFO] [CLEAR ROLE] ClearPlayerRole: ALL slots cleared for targetPlayer=0, toPlayer=-1
[2026-08-05 19:35:21] [INFO] =================================================================
[2026-08-05 19:35:21] [INFO] [LIFECYCLE] RoleComponent plugin loaded into open:mp server.
[2026-08-05 19:35:21] [INFO] =================================================================
[2026-08-05 19:35:21] [INFO] [LIFECYCLE] Event handler registered with core IPlayerPool.
[2026-08-05 19:35:21] [INFO] [LIFECYCLE] RoleComponent is ready and listening to server player events.
[2026-08-05 19:35:24] [INFO] [RESOURCE] AddRoleResource registered: Key='admin.png', URL='http://gtahub.kntech.co/icons/admin.png', LocalPath='HUB-Core/icons/admin.png', AlreadyLoaded=1
[2026-08-05 19:35:24] [INFO] [RESOURCE] AddRoleResource registered: Key='vip.png', URL='http://gtahub.kntech.co/icons/vip.png', LocalPath='HUB-Core/icons/vip.png', AlreadyLoaded=1
[2026-08-05 19:35:24] [INFO] [RESOURCE] AddRoleResource registered: Key='mod.png', URL='http://gtahub.kntech.co/icons/moderator.png', LocalPath='HUB-Core/icons/mod.png', AlreadyLoaded=1
[2026-08-05 19:35:24] [INFO] [RESOURCE] AddRoleResource registered: Key='helper.png', URL='http://gtahub.kntech.co/icons/helper.png', LocalPath='HUB-Core/icons/helper.png', AlreadyLoaded=1
[2026-08-05 19:35:24] [INFO] [RESOURCE] AddRoleResource registered: Key='dev.png', URL='http://gtahub.kntech.co/icons/dev.png', LocalPath='HUB-Core/icons/dev.png', AlreadyLoaded=1
[2026-08-05 19:35:24] [INFO] [CONFIG] SetRoleGlobalConfig: Distance=25.0m, LOS=1, AutoHideVeh=1, IconSize=32.0x32.0
[2026-08-05 22:43:51] [INFO] =================================================================
[2026-08-05 22:43:51] [INFO] [LIFECYCLE] RoleComponent plugin loaded into open:mp server.
[2026-08-05 22:43:51] [INFO] =================================================================
[2026-08-05 22:43:51] [INFO] [LIFECYCLE] Event handler registered with core IPlayerPool.
[2026-08-05 22:43:51] [INFO] [LIFECYCLE] RoleComponent is ready and listening to server player events.
[2026-08-05 22:43:54] [INFO] [RESOURCE] AddRoleResource registered: Key='admin.png', URL='http://gtahub.kntech.co/icons/admin.png', LocalPath='HUB-Core/icons/admin.png', AlreadyLoaded=1
[2026-08-05 22:43:54] [INFO] [RESOURCE] AddRoleResource registered: Key='vip.png', URL='http://gtahub.kntech.co/icons/vip.png', LocalPath='HUB-Core/icons/vip.png', AlreadyLoaded=1
[2026-08-05 22:43:54] [INFO] [RESOURCE] AddRoleResource registered: Key='mod.png', URL='http://gtahub.kntech.co/icons/moderator.png', LocalPath='HUB-Core/icons/mod.png', AlreadyLoaded=1
[2026-08-05 22:43:54] [INFO] [RESOURCE] AddRoleResource registered: Key='helper.png', URL='http://gtahub.kntech.co/icons/helper.png', LocalPath='HUB-Core/icons/helper.png', AlreadyLoaded=1
[2026-08-05 22:43:54] [INFO] [RESOURCE] AddRoleResource registered: Key='dev.png', URL='http://gtahub.kntech.co/icons/dev.png', LocalPath='HUB-Core/icons/dev.png', AlreadyLoaded=1
[2026-08-05 22:43:54] [INFO] [CONFIG] SetRoleGlobalConfig: Distance=25.0m, LOS=1, AutoHideVeh=1, IconSize=32.0x32.0
[2026-08-05 22:58:20] [INFO] =================================================================
[2026-08-05 22:58:20] [INFO] [LIFECYCLE] RoleComponent plugin loaded into open:mp server.
[2026-08-05 22:58:20] [INFO] =================================================================
[2026-08-05 22:58:20] [INFO] [LIFECYCLE] Event handler registered with core IPlayerPool.
[2026-08-05 22:58:20] [INFO] [LIFECYCLE] RoleComponent is ready and listening to server player events.
[2026-08-05 22:58:24] [INFO] [RESOURCE] AddRoleResource registered: Key='admin.png', URL='http://gtahub.kntech.co/icons/admin.png', LocalPath='HUB-Core/icons/admin.png', AlreadyLoaded=1
[2026-08-05 22:58:24] [INFO] [RESOURCE] AddRoleResource registered: Key='vip.png', URL='http://gtahub.kntech.co/icons/vip.png', LocalPath='HUB-Core/icons/vip.png', AlreadyLoaded=1
[2026-08-05 22:58:24] [INFO] [RESOURCE] AddRoleResource registered: Key='mod.png', URL='http://gtahub.kntech.co/icons/moderator.png', LocalPath='HUB-Core/icons/mod.png', AlreadyLoaded=1
[2026-08-05 22:58:24] [INFO] [RESOURCE] AddRoleResource registered: Key='helper.png', URL='http://gtahub.kntech.co/icons/helper.png', LocalPath='HUB-Core/icons/helper.png', AlreadyLoaded=1
[2026-08-05 22:58:24] [INFO] [RESOURCE] AddRoleResource registered: Key='dev.png', URL='http://gtahub.kntech.co/icons/dev.png', LocalPath='HUB-Core/icons/dev.png', AlreadyLoaded=1
[2026-08-05 22:58:24] [INFO] [CONFIG] SetRoleGlobalConfig: Distance=25.0m, LOS=1, AutoHideVeh=1, IconSize=32.0x32.0
[2026-08-05 23:15:22] [INFO] =================================================================
[2026-08-05 23:15:22] [INFO] [LIFECYCLE] RoleComponent plugin loaded into open:mp server.
[2026-08-05 23:15:22] [INFO] =================================================================
[2026-08-05 23:15:22] [INFO] [LIFECYCLE] Event handler registered with core IPlayerPool.
[2026-08-05 23:15:22] [INFO] [LIFECYCLE] RoleComponent is ready and listening to server player events.
[2026-08-05 23:15:25] [INFO] [RESOURCE] AddRoleResource registered: Key='admin.png', URL='http://gtahub.kntech.co/icons/admin.png', LocalPath='HUB-Core/icons/admin.png', AlreadyLoaded=1
[2026-08-05 23:15:25] [INFO] [RESOURCE] AddRoleResource registered: Key='vip.png', URL='http://gtahub.kntech.co/icons/vip.png', LocalPath='HUB-Core/icons/vip.png', AlreadyLoaded=1
[2026-08-05 23:15:25] [INFO] [RESOURCE] AddRoleResource registered: Key='mod.png', URL='http://gtahub.kntech.co/icons/moderator.png', LocalPath='HUB-Core/icons/mod.png', AlreadyLoaded=1
[2026-08-05 23:15:25] [INFO] [RESOURCE] AddRoleResource registered: Key='helper.png', URL='http://gtahub.kntech.co/icons/helper.png', LocalPath='HUB-Core/icons/helper.png', AlreadyLoaded=1
[2026-08-05 23:15:25] [INFO] [RESOURCE] AddRoleResource registered: Key='dev.png', URL='http://gtahub.kntech.co/icons/dev.png', LocalPath='HUB-Core/icons/dev.png', AlreadyLoaded=1
[2026-08-05 23:59:30] [INFO] =================================================================
[2026-08-05 23:59:30] [INFO] [LIFECYCLE] RoleComponent plugin loaded into open:mp server.
[2026-08-05 23:59:30] [INFO] =================================================================
[2026-08-05 23:59:30] [INFO] [LIFECYCLE] Event handler registered with core IPlayerPool.
[2026-08-05 23:59:30] [INFO] [LIFECYCLE] RoleComponent is ready and listening to server player events.
[2026-08-05 23:59:32] [INFO] [RESOURCE] AddRoleResource registered: Key='admin.png', URL='http://gtahub.kntech.co/icons/admin.png', LocalPath='HUB-Core/icons/admin.png', AlreadyLoaded=1
[2026-08-05 23:59:32] [INFO] [RESOURCE] AddRoleResource registered: Key='vip.png', URL='http://gtahub.kntech.co/icons/vip.png', LocalPath='HUB-Core/icons/vip.png', AlreadyLoaded=1
[2026-08-05 23:59:32] [INFO] [RESOURCE] AddRoleResource registered: Key='mod.png', URL='http://gtahub.kntech.co/icons/moderator.png', LocalPath='HUB-Core/icons/mod.png', AlreadyLoaded=1
[2026-08-05 23:59:32] [INFO] [RESOURCE] AddRoleResource registered: Key='helper.png', URL='http://gtahub.kntech.co/icons/helper.png', LocalPath='HUB-Core/icons/helper.png', AlreadyLoaded=1
[2026-08-05 23:59:32] [INFO] [RESOURCE] AddRoleResource registered: Key='dev.png', URL='http://gtahub.kntech.co/icons/dev.png', LocalPath='HUB-Core/icons/dev.png', AlreadyLoaded=1
[2026-08-05 23:59:32] [INFO] [CONFIG] SetRoleGlobalConfig: Distance=25.0m, LOS=1, AutoHideVeh=1, IconSize=32.0x32.0
[2026-08-05 23:59:54] [INFO] [PLAYER CONNECT] Player ID 0 connected. Role state initialized.
[2026-08-06 00:00:42] [INFO] [PLAYER DISCONNECT] Player ID 0 disconnected. Role state cleared.
[2026-08-06 00:00:42] [INFO] [CLEAR ROLE] ClearPlayerRole: ALL slots cleared for targetPlayer=0, toPlayer=-1
[2026-08-06 00:00:50] [INFO] [PLAYER CONNECT] Player ID 0 connected. Role state initialized.
[2026-08-06 00:01:08] [INFO] [SET PRESET] targetPlayer=0, preset=2 ('VIP'), slotID=0, duration=0s, toPlayer=-1
[2026-08-06 00:01:18] [INFO] [PLAYER DISCONNECT] Player ID 0 disconnected. Role state cleared.
[2026-08-06 00:01:18] [INFO] [CLEAR ROLE] ClearPlayerRole: ALL slots cleared for targetPlayer=0, toPlayer=-1
[2026-08-06 00:03:20] [INFO] =================================================================
[2026-08-06 00:03:20] [INFO] [LIFECYCLE] RoleComponent plugin loaded into open:mp server.
[2026-08-06 00:03:20] [INFO] =================================================================
[2026-08-06 00:03:20] [INFO] [LIFECYCLE] Event handler registered with core IPlayerPool.
[2026-08-06 00:03:20] [INFO] [LIFECYCLE] RoleComponent is ready and listening to server player events.
[2026-08-06 00:03:22] [INFO] [RESOURCE] AddRoleResource registered: Key='admin.png', URL='http://gtahub.kntech.co/icons/admin.png', LocalPath='HUB-Core/icons/admin.png', AlreadyLoaded=1
[2026-08-06 00:03:22] [INFO] [RESOURCE] AddRoleResource registered: Key='vip.png', URL='http://gtahub.kntech.co/icons/vip.png', LocalPath='HUB-Core/icons/vip.png', AlreadyLoaded=1
[2026-08-06 00:03:22] [INFO] [RESOURCE] AddRoleResource registered: Key='mod.png', URL='http://gtahub.kntech.co/icons/moderator.png', LocalPath='HUB-Core/icons/mod.png', AlreadyLoaded=1
[2026-08-06 00:03:22] [INFO] [RESOURCE] AddRoleResource registered: Key='helper.png', URL='http://gtahub.kntech.co/icons/helper.png', LocalPath='HUB-Core/icons/helper.png', AlreadyLoaded=1
[2026-08-06 00:03:22] [INFO] [RESOURCE] AddRoleResource registered: Key='dev.png', URL='http://gtahub.kntech.co/icons/dev.png', LocalPath='HUB-Core/icons/dev.png', AlreadyLoaded=1
[2026-08-06 00:03:22] [INFO] [CONFIG] SetRoleGlobalConfig: Distance=25.0m, LOS=1, AutoHideVeh=1, IconSize=32.0x32.0
[2026-08-06 00:04:22] [INFO] =================================================================
[2026-08-06 00:04:22] [INFO] [LIFECYCLE] RoleComponent plugin loaded into open:mp server.
[2026-08-06 00:04:22] [INFO] =================================================================
[2026-08-06 00:04:22] [INFO] [LIFECYCLE] Event handler registered with core IPlayerPool.
[2026-08-06 00:04:22] [INFO] [LIFECYCLE] RoleComponent is ready and listening to server player events.
[2026-08-06 00:04:23] [INFO] [RESOURCE] AddRoleResource registered: Key='admin.png', URL='http://gtahub.kntech.co/icons/admin.png', LocalPath='HUB-Core/icons/admin.png', AlreadyLoaded=1
[2026-08-06 00:04:23] [INFO] [RESOURCE] AddRoleResource registered: Key='vip.png', URL='http://gtahub.kntech.co/icons/vip.png', LocalPath='HUB-Core/icons/vip.png', AlreadyLoaded=1
[2026-08-06 00:04:23] [INFO] [RESOURCE] AddRoleResource registered: Key='mod.png', URL='http://gtahub.kntech.co/icons/moderator.png', LocalPath='HUB-Core/icons/mod.png', AlreadyLoaded=1
[2026-08-06 00:04:23] [INFO] [RESOURCE] AddRoleResource registered: Key='helper.png', URL='http://gtahub.kntech.co/icons/helper.png', LocalPath='HUB-Core/icons/helper.png', AlreadyLoaded=1
[2026-08-06 00:04:23] [INFO] [RESOURCE] AddRoleResource registered: Key='dev.png', URL='http://gtahub.kntech.co/icons/dev.png', LocalPath='HUB-Core/icons/dev.png', AlreadyLoaded=1
[2026-08-06 00:04:24] [INFO] [CONFIG] SetRoleGlobalConfig: Distance=25.0m, LOS=1, AutoHideVeh=1, IconSize=32.0x32.0
[2026-08-06 00:04:54] [INFO] =================================================================
[2026-08-06 00:04:54] [INFO] [LIFECYCLE] RoleComponent plugin loaded into open:mp server.
[2026-08-06 00:04:54] [INFO] =================================================================
[2026-08-06 00:04:54] [INFO] [LIFECYCLE] Event handler registered with core IPlayerPool.
[2026-08-06 00:04:54] [INFO] [LIFECYCLE] RoleComponent is ready and listening to server player events.
[2026-08-06 00:04:56] [INFO] [RESOURCE] AddRoleResource registered: Key='admin.png', URL='http://gtahub.kntech.co/icons/admin.png', LocalPath='HUB-Core/icons/admin.png', AlreadyLoaded=1
[2026-08-06 00:04:56] [INFO] [RESOURCE] AddRoleResource registered: Key='vip.png', URL='http://gtahub.kntech.co/icons/vip.png', LocalPath='HUB-Core/icons/vip.png', AlreadyLoaded=1
[2026-08-06 00:04:56] [INFO] [RESOURCE] AddRoleResource registered: Key='mod.png', URL='http://gtahub.kntech.co/icons/moderator.png', LocalPath='HUB-Core/icons/mod.png', AlreadyLoaded=1
[2026-08-06 00:04:56] [INFO] [RESOURCE] AddRoleResource registered: Key='helper.png', URL='http://gtahub.kntech.co/icons/helper.png', LocalPath='HUB-Core/icons/helper.png', AlreadyLoaded=1
[2026-08-06 00:04:56] [INFO] [RESOURCE] AddRoleResource registered: Key='dev.png', URL='http://gtahub.kntech.co/icons/dev.png', LocalPath='HUB-Core/icons/dev.png', AlreadyLoaded=1
[2026-08-06 00:04:56] [INFO] [CONFIG] SetRoleGlobalConfig: Distance=25.0m, LOS=1, AutoHideVeh=1, IconSize=32.0x32.0
[2026-08-06 00:05:06] [INFO] =================================================================
[2026-08-06 00:05:06] [INFO] [LIFECYCLE] RoleComponent plugin loaded into open:mp server.
[2026-08-06 00:05:06] [INFO] =================================================================
[2026-08-06 00:05:06] [INFO] [LIFECYCLE] Event handler registered with core IPlayerPool.
[2026-08-06 00:05:06] [INFO] [LIFECYCLE] RoleComponent is ready and listening to server player events.
[2026-08-06 00:05:08] [INFO] [RESOURCE] AddRoleResource registered: Key='admin.png', URL='http://gtahub.kntech.co/icons/admin.png', LocalPath='HUB-Core/icons/admin.png', AlreadyLoaded=1
[2026-08-06 00:05:08] [INFO] [RESOURCE] AddRoleResource registered: Key='vip.png', URL='http://gtahub.kntech.co/icons/vip.png', LocalPath='HUB-Core/icons/vip.png', AlreadyLoaded=1
[2026-08-06 00:05:08] [INFO] [RESOURCE] AddRoleResource registered: Key='mod.png', URL='http://gtahub.kntech.co/icons/moderator.png', LocalPath='HUB-Core/icons/mod.png', AlreadyLoaded=1
[2026-08-06 00:05:08] [INFO] [RESOURCE] AddRoleResource registered: Key='helper.png', URL='http://gtahub.kntech.co/icons/helper.png', LocalPath='HUB-Core/icons/helper.png', AlreadyLoaded=1
[2026-08-06 00:05:08] [INFO] [RESOURCE] AddRoleResource registered: Key='dev.png', URL='http://gtahub.kntech.co/icons/dev.png', LocalPath='HUB-Core/icons/dev.png', AlreadyLoaded=1
[2026-08-06 00:05:08] [INFO] [CONFIG] SetRoleGlobalConfig: Distance=25.0m, LOS=1, AutoHideVeh=1, IconSize=32.0x32.0
[2026-08-06 00:07:13] [INFO] =================================================================
[2026-08-06 00:07:13] [INFO] [LIFECYCLE] RoleComponent plugin loaded into open:mp server.
[2026-08-06 00:07:13] [INFO] =================================================================
[2026-08-06 00:07:13] [INFO] [LIFECYCLE] Event handler registered with core IPlayerPool.
[2026-08-06 00:07:13] [INFO] [LIFECYCLE] RoleComponent is ready and listening to server player events.
[2026-08-06 00:07:14] [INFO] [RESOURCE] AddRoleResource registered: Key='admin.png', URL='http://gtahub.kntech.co/icons/admin.png', LocalPath='HUB-Core/icons/admin.png', AlreadyLoaded=1
[2026-08-06 00:07:14] [INFO] [RESOURCE] AddRoleResource registered: Key='vip.png', URL='http://gtahub.kntech.co/icons/vip.png', LocalPath='HUB-Core/icons/vip.png', AlreadyLoaded=1
[2026-08-06 00:07:14] [INFO] [RESOURCE] AddRoleResource registered: Key='mod.png', URL='http://gtahub.kntech.co/icons/moderator.png', LocalPath='HUB-Core/icons/mod.png', AlreadyLoaded=1
[2026-08-06 00:07:14] [INFO] [RESOURCE] AddRoleResource registered: Key='helper.png', URL='http://gtahub.kntech.co/icons/helper.png', LocalPath='HUB-Core/icons/helper.png', AlreadyLoaded=1
[2026-08-06 00:07:14] [INFO] [RESOURCE] AddRoleResource registered: Key='dev.png', URL='http://gtahub.kntech.co/icons/dev.png', LocalPath='HUB-Core/icons/dev.png', AlreadyLoaded=1
[2026-08-06 00:07:14] [INFO] [CONFIG] SetRoleGlobalConfig: Distance=25.0m, LOS=1, AutoHideVeh=1, IconSize=32.0x32.0
[2026-08-06 00:10:45] [INFO] [PLAYER CONNECT] Player ID 0 connected. Role state initialized.
[2026-08-06 00:10:57] [INFO] [PLAYER DISCONNECT] Player ID 0 disconnected. Role state cleared.
[2026-08-06 00:10:57] [INFO] [CLEAR ROLE] ClearPlayerRole: ALL slots cleared for targetPlayer=0, toPlayer=-1
[2026-08-06 00:11:11] [INFO] [PLAYER CONNECT] Player ID 0 connected. Role state initialized.
[2026-08-06 00:11:18] [INFO] [SET PRESET] targetPlayer=0, preset=2 ('VIP'), slotID=0, duration=0s, toPlayer=-1
[2026-08-06 00:11:46] [INFO] [PLAYER DISCONNECT] Player ID 0 disconnected. Role state cleared.
[2026-08-06 00:11:46] [INFO] [CLEAR ROLE] ClearPlayerRole: ALL slots cleared for targetPlayer=0, toPlayer=-1
[2026-08-06 00:20:35] [INFO] [PLAYER CONNECT] Player ID 0 connected. Role state initialized.
[2026-08-06 00:20:54] [INFO] [SET PRESET] targetPlayer=0, preset=2 ('VIP'), slotID=0, duration=0s, toPlayer=-1
[2026-08-06 00:21:03] [INFO] [PLAYER DISCONNECT] Player ID 0 disconnected. Role state cleared.
[2026-08-06 00:21:03] [INFO] [CLEAR ROLE] ClearPlayerRole: ALL slots cleared for targetPlayer=0, toPlayer=-1
[2026-08-06 00:22:57] [INFO] [LIFECYCLE] RoleComponent component unloading...
[2026-08-06 00:22:57] [INFO] [LIFECYCLE] RoleComponent fully unloaded.
[2026-08-06 00:23:01] [INFO] =================================================================
[2026-08-06 00:23:01] [INFO] [LIFECYCLE] RoleComponent plugin loaded into open:mp server.
[2026-08-06 00:23:01] [INFO] =================================================================
[2026-08-06 00:23:01] [INFO] [LIFECYCLE] Event handler registered with core IPlayerPool.
[2026-08-06 00:23:01] [INFO] [LIFECYCLE] RoleComponent is ready and listening to server player events.
[2026-08-06 00:23:02] [INFO] [RESOURCE] AddRoleResource registered: Key='admin.png', URL='http://gtahub.kntech.co/icons/admin.png', LocalPath='HUB-Core/icons/admin.png', AlreadyLoaded=1
[2026-08-06 00:23:02] [INFO] [RESOURCE] AddRoleResource registered: Key='vip.png', URL='http://gtahub.kntech.co/icons/vip.png', LocalPath='HUB-Core/icons/vip.png', AlreadyLoaded=1
[2026-08-06 00:23:02] [INFO] [RESOURCE] AddRoleResource registered: Key='mod.png', URL='http://gtahub.kntech.co/icons/moderator.png', LocalPath='HUB-Core/icons/mod.png', AlreadyLoaded=1
[2026-08-06 00:23:02] [INFO] [RESOURCE] AddRoleResource registered: Key='helper.png', URL='http://gtahub.kntech.co/icons/helper.png', LocalPath='HUB-Core/icons/helper.png', AlreadyLoaded=1
[2026-08-06 00:23:02] [INFO] [RESOURCE] AddRoleResource registered: Key='dev.png', URL='http://gtahub.kntech.co/icons/dev.png', LocalPath='HUB-Core/icons/dev.png', AlreadyLoaded=1
[2026-08-06 00:23:02] [INFO] [CONFIG] SetRoleGlobalConfig: Distance=25.0m, LOS=1, AutoHideVeh=1, IconSize=32.0x32.0
[2026-08-06 00:23:14] [INFO] [PLAYER CONNECT] Player ID 0 connected. Role state initialized.
[2026-08-06 00:23:24] [INFO] [SET PRESET] targetPlayer=0, preset=2 ('VIP'), slotID=0, duration=0s, toPlayer=-1
[2026-08-06 00:23:42] [INFO] [PLAYER DISCONNECT] Player ID 0 disconnected. Role state cleared.
[2026-08-06 00:23:42] [INFO] [CLEAR ROLE] ClearPlayerRole: ALL slots cleared for targetPlayer=0, toPlayer=-1
[2026-08-06 00:25:11] [INFO] [LIFECYCLE] RoleComponent component unloading...
[2026-08-06 00:25:11] [INFO] [LIFECYCLE] RoleComponent fully unloaded.
[2026-08-06 00:25:14] [INFO] =================================================================
[2026-08-06 00:25:14] [INFO] [LIFECYCLE] RoleComponent plugin loaded into open:mp server.
[2026-08-06 00:25:14] [INFO] =================================================================
[2026-08-06 00:25:14] [INFO] [LIFECYCLE] Event handler registered with core IPlayerPool.
[2026-08-06 00:25:14] [INFO] [LIFECYCLE] RoleComponent is ready and listening to server player events.
[2026-08-06 00:25:15] [INFO] [RESOURCE] AddRoleResource registered: Key='admin.png', URL='http://gtahub.kntech.co/icons/admin.png', LocalPath='HUB-Core/icons/admin.png', AlreadyLoaded=1
[2026-08-06 00:25:15] [INFO] [RESOURCE] AddRoleResource registered: Key='vip.png', URL='http://gtahub.kntech.co/icons/vip.png', LocalPath='HUB-Core/icons/vip.png', AlreadyLoaded=1
[2026-08-06 00:25:15] [INFO] [RESOURCE] AddRoleResource registered: Key='mod.png', URL='http://gtahub.kntech.co/icons/moderator.png', LocalPath='HUB-Core/icons/mod.png', AlreadyLoaded=1
[2026-08-06 00:25:15] [INFO] [RESOURCE] AddRoleResource registered: Key='helper.png', URL='http://gtahub.kntech.co/icons/helper.png', LocalPath='HUB-Core/icons/helper.png', AlreadyLoaded=1
[2026-08-06 00:25:15] [INFO] [RESOURCE] AddRoleResource registered: Key='dev.png', URL='http://gtahub.kntech.co/icons/dev.png', LocalPath='HUB-Core/icons/dev.png', AlreadyLoaded=1
[2026-08-06 00:25:15] [INFO] [CONFIG] SetRoleGlobalConfig: Distance=25.0m, LOS=1, AutoHideVeh=1, IconSize=32.0x32.0
[2026-08-06 00:25:33] [INFO] [LIFECYCLE] RoleComponent component unloading...
[2026-08-06 00:25:33] [INFO] [LIFECYCLE] RoleComponent fully unloaded.
[2026-08-06 00:25:34] [INFO] =================================================================
[2026-08-06 00:25:34] [INFO] [LIFECYCLE] RoleComponent plugin loaded into open:mp server.
[2026-08-06 00:25:34] [INFO] =================================================================
[2026-08-06 00:25:34] [INFO] [LIFECYCLE] Event handler registered with core IPlayerPool.
[2026-08-06 00:25:34] [INFO] [LIFECYCLE] RoleComponent is ready and listening to server player events.
[2026-08-06 00:25:36] [INFO] [RESOURCE] AddRoleResource registered: Key='admin.png', URL='http://gtahub.kntech.co/icons/admin.png', LocalPath='HUB-Core/icons/admin.png', AlreadyLoaded=1
[2026-08-06 00:25:36] [INFO] [RESOURCE] AddRoleResource registered: Key='vip.png', URL='http://gtahub.kntech.co/icons/vip.png', LocalPath='HUB-Core/icons/vip.png', AlreadyLoaded=1
[2026-08-06 00:25:36] [INFO] [RESOURCE] AddRoleResource registered: Key='mod.png', URL='http://gtahub.kntech.co/icons/moderator.png', LocalPath='HUB-Core/icons/mod.png', AlreadyLoaded=1
[2026-08-06 00:25:36] [INFO] [RESOURCE] AddRoleResource registered: Key='helper.png', URL='http://gtahub.kntech.co/icons/helper.png', LocalPath='HUB-Core/icons/helper.png', AlreadyLoaded=1
[2026-08-06 00:25:36] [INFO] [RESOURCE] AddRoleResource registered: Key='dev.png', URL='http://gtahub.kntech.co/icons/dev.png', LocalPath='HUB-Core/icons/dev.png', AlreadyLoaded=1
[2026-08-06 00:25:36] [INFO] [CONFIG] SetRoleGlobalConfig: Distance=25.0m, LOS=1, AutoHideVeh=1, IconSize=32.0x32.0
[2026-08-06 00:25:54] [INFO] [PLAYER CONNECT] Player ID 0 connected. Role state initialized.
[2026-08-06 00:26:01] [INFO] [SET PRESET] targetPlayer=0, preset=2 ('VIP'), slotID=0, duration=0s, toPlayer=-1
[2026-08-06 00:26:11] [INFO] [PLAYER DISCONNECT] Player ID 0 disconnected. Role state cleared.
[2026-08-06 00:26:11] [INFO] [CLEAR ROLE] ClearPlayerRole: ALL slots cleared for targetPlayer=0, toPlayer=-1
[2026-08-06 00:27:10] [INFO] [LIFECYCLE] RoleComponent component unloading...
[2026-08-06 00:27:10] [INFO] [LIFECYCLE] RoleComponent fully unloaded.
[2026-08-06 00:27:38] [INFO] =================================================================
[2026-08-06 00:27:38] [INFO] [LIFECYCLE] RoleComponent plugin loaded into open:mp server.
[2026-08-06 00:27:38] [INFO] =================================================================
[2026-08-06 00:27:38] [INFO] [LIFECYCLE] Event handler registered with core IPlayerPool.
[2026-08-06 00:27:38] [INFO] [LIFECYCLE] RoleComponent is ready and listening to server player events.
[2026-08-06 00:27:39] [INFO] [RESOURCE] AddRoleResource registered: Key='admin.png', URL='http://gtahub.kntech.co/icons/admin.png', LocalPath='HUB-Core/icons/admin.png', AlreadyLoaded=1
[2026-08-06 00:27:39] [INFO] [RESOURCE] AddRoleResource registered: Key='vip.png', URL='http://gtahub.kntech.co/icons/vip.png', LocalPath='HUB-Core/icons/vip.png', AlreadyLoaded=1
[2026-08-06 00:27:39] [INFO] [RESOURCE] AddRoleResource registered: Key='mod.png', URL='http://gtahub.kntech.co/icons/moderator.png', LocalPath='HUB-Core/icons/mod.png', AlreadyLoaded=1
[2026-08-06 00:27:39] [INFO] [RESOURCE] AddRoleResource registered: Key='helper.png', URL='http://gtahub.kntech.co/icons/helper.png', LocalPath='HUB-Core/icons/helper.png', AlreadyLoaded=1
[2026-08-06 00:27:39] [INFO] [RESOURCE] AddRoleResource registered: Key='dev.png', URL='http://gtahub.kntech.co/icons/dev.png', LocalPath='HUB-Core/icons/dev.png', AlreadyLoaded=1
[2026-08-06 00:27:39] [INFO] [CONFIG] SetRoleGlobalConfig: Distance=25.0m, LOS=1, AutoHideVeh=1, IconSize=32.0x32.0
[2026-08-06 00:27:52] [INFO] [PLAYER CONNECT] Player ID 0 connected. Role state initialized.
[2026-08-06 00:28:00] [INFO] [SET PRESET] targetPlayer=0, preset=2 ('VIP'), slotID=0, duration=0s, toPlayer=-1
[2026-08-06 00:28:53] [INFO] [PLAYER DISCONNECT] Player ID 0 disconnected. Role state cleared.
[2026-08-06 00:28:53] [INFO] [CLEAR ROLE] ClearPlayerRole: ALL slots cleared for targetPlayer=0, toPlayer=-1
[2026-08-06 00:29:55] [INFO] [LIFECYCLE] RoleComponent component unloading...
[2026-08-06 00:29:55] [INFO] [LIFECYCLE] RoleComponent fully unloaded.
[2026-08-06 00:29:56] [INFO] =================================================================
[2026-08-06 00:29:56] [INFO] [LIFECYCLE] RoleComponent plugin loaded into open:mp server.
[2026-08-06 00:29:56] [INFO] =================================================================
[2026-08-06 00:29:56] [INFO] [LIFECYCLE] Event handler registered with core IPlayerPool.
[2026-08-06 00:29:56] [INFO] [LIFECYCLE] RoleComponent is ready and listening to server player events.
[2026-08-06 00:29:59] [INFO] [RESOURCE] AddRoleResource registered: Key='admin.png', URL='http://gtahub.kntech.co/icons/admin.png', LocalPath='HUB-Core/icons/admin.png', AlreadyLoaded=1
[2026-08-06 00:29:59] [INFO] [RESOURCE] AddRoleResource registered: Key='vip.png', URL='http://gtahub.kntech.co/icons/vip.png', LocalPath='HUB-Core/icons/vip.png', AlreadyLoaded=1
[2026-08-06 00:29:59] [INFO] [RESOURCE] AddRoleResource registered: Key='mod.png', URL='http://gtahub.kntech.co/icons/moderator.png', LocalPath='HUB-Core/icons/mod.png', AlreadyLoaded=1
[2026-08-06 00:29:59] [INFO] [RESOURCE] AddRoleResource registered: Key='helper.png', URL='http://gtahub.kntech.co/icons/helper.png', LocalPath='HUB-Core/icons/helper.png', AlreadyLoaded=1
[2026-08-06 00:29:59] [INFO] [RESOURCE] AddRoleResource registered: Key='dev.png', URL='http://gtahub.kntech.co/icons/dev.png', LocalPath='HUB-Core/icons/dev.png', AlreadyLoaded=1
[2026-08-06 00:29:59] [INFO] [CONFIG] SetRoleGlobalConfig: Distance=25.0m, LOS=1, AutoHideVeh=1, IconSize=32.0x32.0
[2026-08-06 00:30:09] [INFO] [PLAYER CONNECT] Player ID 0 connected. Role state initialized.
[2026-08-06 00:30:15] [INFO] [PLAYER DISCONNECT] Player ID 0 disconnected. Role state cleared.
[2026-08-06 00:30:15] [INFO] [CLEAR ROLE] ClearPlayerRole: ALL slots cleared for targetPlayer=0, toPlayer=-1
[2026-08-06 00:30:32] [INFO] [PLAYER CONNECT] Player ID 0 connected. Role state initialized.
[2026-08-06 00:30:39] [INFO] [SET PRESET] targetPlayer=0, preset=2 ('VIP'), slotID=0, duration=0s, toPlayer=-1
[2026-08-06 00:32:17] [INFO] =================================================================
[2026-08-06 00:32:17] [INFO] [LIFECYCLE] RoleComponent plugin loaded into open:mp server.
[2026-08-06 00:32:17] [INFO] =================================================================
[2026-08-06 00:32:17] [INFO] [LIFECYCLE] Event handler registered with core IPlayerPool.
[2026-08-06 00:32:17] [INFO] [LIFECYCLE] RoleComponent is ready and listening to server player events.
[2026-08-06 00:32:19] [INFO] [RESOURCE] AddRoleResource registered: Key='admin.png', URL='http://gtahub.kntech.co/icons/admin.png', LocalPath='HUB-Core/icons/admin.png', AlreadyLoaded=1
[2026-08-06 00:32:19] [INFO] [RESOURCE] AddRoleResource registered: Key='vip.png', URL='http://gtahub.kntech.co/icons/vip.png', LocalPath='HUB-Core/icons/vip.png', AlreadyLoaded=1
[2026-08-06 00:32:19] [INFO] [RESOURCE] AddRoleResource registered: Key='mod.png', URL='http://gtahub.kntech.co/icons/moderator.png', LocalPath='HUB-Core/icons/mod.png', AlreadyLoaded=1
[2026-08-06 00:32:19] [INFO] [RESOURCE] AddRoleResource registered: Key='helper.png', URL='http://gtahub.kntech.co/icons/helper.png', LocalPath='HUB-Core/icons/helper.png', AlreadyLoaded=1
[2026-08-06 00:32:19] [INFO] [RESOURCE] AddRoleResource registered: Key='dev.png', URL='http://gtahub.kntech.co/icons/dev.png', LocalPath='HUB-Core/icons/dev.png', AlreadyLoaded=1
[2026-08-06 00:32:19] [INFO] [CONFIG] SetRoleGlobalConfig: Distance=25.0m, LOS=1, AutoHideVeh=1, IconSize=32.0x32.0
[2026-08-06 00:32:34] [INFO] [PLAYER CONNECT] Player ID 0 connected. Role state initialized.
[2026-08-06 00:32:46] [INFO] [SET PRESET] targetPlayer=0, preset=2 ('VIP'), slotID=0, duration=0s, toPlayer=-1
[2026-08-06 00:34:16] [INFO] =================================================================
[2026-08-06 00:34:16] [INFO] [LIFECYCLE] RoleComponent plugin loaded into open:mp server.
[2026-08-06 00:34:16] [INFO] =================================================================
[2026-08-06 00:34:16] [INFO] [LIFECYCLE] Event handler registered with core IPlayerPool.
[2026-08-06 00:34:16] [INFO] [LIFECYCLE] RoleComponent is ready and listening to server player events.
[2026-08-06 00:34:18] [INFO] [RESOURCE] AddRoleResource registered: Key='admin.png', URL='http://gtahub.kntech.co/icons/admin.png', LocalPath='HUB-Core/icons/admin.png', AlreadyLoaded=1
[2026-08-06 00:34:18] [INFO] [RESOURCE] AddRoleResource registered: Key='vip.png', URL='http://gtahub.kntech.co/icons/vip.png', LocalPath='HUB-Core/icons/vip.png', AlreadyLoaded=1
[2026-08-06 00:34:18] [INFO] [RESOURCE] AddRoleResource registered: Key='mod.png', URL='http://gtahub.kntech.co/icons/moderator.png', LocalPath='HUB-Core/icons/mod.png', AlreadyLoaded=1
[2026-08-06 00:34:18] [INFO] [RESOURCE] AddRoleResource registered: Key='helper.png', URL='http://gtahub.kntech.co/icons/helper.png', LocalPath='HUB-Core/icons/helper.png', AlreadyLoaded=1
[2026-08-06 00:34:18] [INFO] [RESOURCE] AddRoleResource registered: Key='dev.png', URL='http://gtahub.kntech.co/icons/dev.png', LocalPath='HUB-Core/icons/dev.png', AlreadyLoaded=1
[2026-08-06 00:34:18] [INFO] [CONFIG] SetRoleGlobalConfig: Distance=25.0m, LOS=1, AutoHideVeh=1, IconSize=32.0x32.0
[2026-08-06 00:34:37] [INFO] [PLAYER CONNECT] Player ID 0 connected. Role state initialized.
[2026-08-06 00:34:49] [INFO] [SET PRESET] targetPlayer=0, preset=2 ('VIP'), slotID=0, duration=0s, toPlayer=-1
[2026-08-06 00:37:03] [INFO] =================================================================
[2026-08-06 00:37:03] [INFO] [LIFECYCLE] RoleComponent plugin loaded into open:mp server.
[2026-08-06 00:37:03] [INFO] =================================================================
[2026-08-06 00:37:03] [INFO] [LIFECYCLE] Event handler registered with core IPlayerPool.
[2026-08-06 00:37:04] [INFO] [LIFECYCLE] RoleComponent is ready and listening to server player events.
[2026-08-06 00:37:05] [INFO] [RESOURCE] AddRoleResource registered: Key='admin.png', URL='http://gtahub.kntech.co/icons/admin.png', LocalPath='HUB-Core/icons/admin.png', AlreadyLoaded=1
[2026-08-06 00:37:05] [INFO] [RESOURCE] AddRoleResource registered: Key='vip.png', URL='http://gtahub.kntech.co/icons/vip.png', LocalPath='HUB-Core/icons/vip.png', AlreadyLoaded=1
[2026-08-06 00:37:05] [INFO] [RESOURCE] AddRoleResource registered: Key='mod.png', URL='http://gtahub.kntech.co/icons/moderator.png', LocalPath='HUB-Core/icons/mod.png', AlreadyLoaded=1
[2026-08-06 00:37:05] [INFO] [RESOURCE] AddRoleResource registered: Key='helper.png', URL='http://gtahub.kntech.co/icons/helper.png', LocalPath='HUB-Core/icons/helper.png', AlreadyLoaded=1
[2026-08-06 00:37:05] [INFO] [RESOURCE] AddRoleResource registered: Key='dev.png', URL='http://gtahub.kntech.co/icons/dev.png', LocalPath='HUB-Core/icons/dev.png', AlreadyLoaded=1
[2026-08-06 00:37:05] [INFO] [CONFIG] SetRoleGlobalConfig: Distance=25.0m, LOS=1, AutoHideVeh=1, IconSize=32.0x32.0
[2026-08-06 00:37:20] [INFO] [PLAYER CONNECT] Player ID 0 connected. Role state initialized.
[2026-08-06 00:37:30] [INFO] [SET PRESET] targetPlayer=0, preset=2 ('VIP'), slotID=0, duration=0s, toPlayer=-1
[2026-08-06 00:41:14] [INFO] [PLAYER DISCONNECT] Player ID 0 disconnected. Role state cleared.
[2026-08-06 00:41:14] [INFO] [CLEAR ROLE] ClearPlayerRole: ALL slots cleared for targetPlayer=0, toPlayer=-1
[2026-08-06 00:42:32] [INFO] [LIFECYCLE] RoleComponent component unloading...
[2026-08-06 00:42:32] [INFO] [LIFECYCLE] RoleComponent fully unloaded.
[2026-08-06 00:42:33] [INFO] =================================================================
[2026-08-06 00:42:33] [INFO] [LIFECYCLE] RoleComponent plugin loaded into open:mp server.
[2026-08-06 00:42:33] [INFO] =================================================================
[2026-08-06 00:42:33] [INFO] [LIFECYCLE] Event handler registered with core IPlayerPool.
[2026-08-06 00:42:33] [INFO] [LIFECYCLE] RoleComponent is ready and listening to server player events.
[2026-08-06 00:42:36] [INFO] [RESOURCE] AddRoleResource registered: Key='admin.png', URL='http://gtahub.kntech.co/icons/admin.png', LocalPath='HUB-Core/icons/admin.png', AlreadyLoaded=1
[2026-08-06 00:42:36] [INFO] [RESOURCE] AddRoleResource registered: Key='vip.png', URL='http://gtahub.kntech.co/icons/vip.png', LocalPath='HUB-Core/icons/vip.png', AlreadyLoaded=1
[2026-08-06 00:42:36] [INFO] [RESOURCE] AddRoleResource registered: Key='mod.png', URL='http://gtahub.kntech.co/icons/moderator.png', LocalPath='HUB-Core/icons/mod.png', AlreadyLoaded=1
[2026-08-06 00:42:36] [INFO] [RESOURCE] AddRoleResource registered: Key='helper.png', URL='http://gtahub.kntech.co/icons/helper.png', LocalPath='HUB-Core/icons/helper.png', AlreadyLoaded=1
[2026-08-06 00:42:36] [INFO] [RESOURCE] AddRoleResource registered: Key='dev.png', URL='http://gtahub.kntech.co/icons/dev.png', LocalPath='HUB-Core/icons/dev.png', AlreadyLoaded=1
[2026-08-06 00:42:36] [INFO] [CONFIG] SetRoleGlobalConfig: Distance=25.0m, LOS=1, AutoHideVeh=1, IconSize=32.0x32.0
[2026-08-06 00:43:01] [INFO] [PLAYER CONNECT] Player ID 0 connected. Role state initialized.
[2026-08-06 00:44:34] [INFO] [LIFECYCLE] RoleComponent component unloading...
[2026-08-06 00:44:34] [INFO] [LIFECYCLE] RoleComponent fully unloaded.
[2026-08-06 00:44:35] [INFO] =================================================================
[2026-08-06 00:44:35] [INFO] [LIFECYCLE] RoleComponent plugin loaded into open:mp server.
[2026-08-06 00:44:35] [INFO] =================================================================
[2026-08-06 00:44:35] [INFO] [LIFECYCLE] Event handler registered with core IPlayerPool.
[2026-08-06 00:44:35] [INFO] [LIFECYCLE] RoleComponent is ready and listening to server player events.
[2026-08-06 00:44:39] [INFO] [RESOURCE] AddRoleResource registered: Key='admin.png', URL='http://gtahub.kntech.co/icons/admin.png', LocalPath='HUB-Core/icons/admin.png', AlreadyLoaded=1
[2026-08-06 00:44:39] [INFO] [RESOURCE] AddRoleResource registered: Key='vip.png', URL='http://gtahub.kntech.co/icons/vip.png', LocalPath='HUB-Core/icons/vip.png', AlreadyLoaded=1
[2026-08-06 00:44:39] [INFO] [RESOURCE] AddRoleResource registered: Key='mod.png', URL='http://gtahub.kntech.co/icons/moderator.png', LocalPath='HUB-Core/icons/mod.png', AlreadyLoaded=1
[2026-08-06 00:44:39] [INFO] [RESOURCE] AddRoleResource registered: Key='helper.png', URL='http://gtahub.kntech.co/icons/helper.png', LocalPath='HUB-Core/icons/helper.png', AlreadyLoaded=1
[2026-08-06 00:44:39] [INFO] [RESOURCE] AddRoleResource registered: Key='dev.png', URL='http://gtahub.kntech.co/icons/dev.png', LocalPath='HUB-Core/icons/dev.png', AlreadyLoaded=1
[2026-08-06 00:44:39] [INFO] [CONFIG] SetRoleGlobalConfig: Distance=25.0m, LOS=1, AutoHideVeh=1, IconSize=32.0x32.0
[2026-08-06 00:46:36] [INFO] [PLAYER CONNECT] Player ID 0 connected. Role state initialized.
[2026-08-06 00:47:05] [INFO] [PLAYER DISCONNECT] Player ID 0 disconnected. Role state cleared.
[2026-08-06 00:47:05] [INFO] [CLEAR ROLE] ClearPlayerRole: ALL slots cleared for targetPlayer=0, toPlayer=-1
[2026-08-06 00:47:27] [INFO] [PLAYER CONNECT] Player ID 0 connected. Role state initialized.
[2026-08-06 00:47:36] [INFO] [SET PRESET] targetPlayer=0, preset=2 ('VIP'), slotID=0, duration=0s, toPlayer=-1
[2026-08-06 00:47:46] [INFO] [PLAYER DISCONNECT] Player ID 0 disconnected. Role state cleared.
[2026-08-06 00:47:46] [INFO] [CLEAR ROLE] ClearPlayerRole: ALL slots cleared for targetPlayer=0, toPlayer=-1
[2026-08-06 00:49:12] [INFO] [LIFECYCLE] RoleComponent component unloading...
[2026-08-06 00:49:12] [INFO] [LIFECYCLE] RoleComponent fully unloaded.
[2026-08-06 00:49:14] [INFO] =================================================================
[2026-08-06 00:49:14] [INFO] [LIFECYCLE] RoleComponent plugin loaded into open:mp server.
[2026-08-06 00:49:14] [INFO] =================================================================
[2026-08-06 00:49:14] [INFO] [LIFECYCLE] Event handler registered with core IPlayerPool.
[2026-08-06 00:49:14] [INFO] [LIFECYCLE] RoleComponent is ready and listening to server player events.
[2026-08-06 00:49:16] [INFO] [RESOURCE] AddRoleResource registered: Key='admin.png', URL='http://gtahub.kntech.co/icons/admin.png', LocalPath='HUB-Core/icons/admin.png', AlreadyLoaded=1
[2026-08-06 00:49:16] [INFO] [RESOURCE] AddRoleResource registered: Key='vip.png', URL='http://gtahub.kntech.co/icons/vip.png', LocalPath='HUB-Core/icons/vip.png', AlreadyLoaded=1
[2026-08-06 00:49:16] [INFO] [RESOURCE] AddRoleResource registered: Key='mod.png', URL='http://gtahub.kntech.co/icons/moderator.png', LocalPath='HUB-Core/icons/mod.png', AlreadyLoaded=1
[2026-08-06 00:49:16] [INFO] [RESOURCE] AddRoleResource registered: Key='helper.png', URL='http://gtahub.kntech.co/icons/helper.png', LocalPath='HUB-Core/icons/helper.png', AlreadyLoaded=1
[2026-08-06 00:49:16] [INFO] [RESOURCE] AddRoleResource registered: Key='dev.png', URL='http://gtahub.kntech.co/icons/dev.png', LocalPath='HUB-Core/icons/dev.png', AlreadyLoaded=1
[2026-08-06 00:49:16] [INFO] [CONFIG] SetRoleGlobalConfig: Distance=25.0m, LOS=1, AutoHideVeh=1, IconSize=32.0x32.0
[2026-08-06 00:50:13] [INFO] [PLAYER CONNECT] Player ID 0 connected. Role state initialized.
[2026-08-06 00:50:37] [INFO] [SET PRESET] targetPlayer=0, preset=2 ('VIP'), slotID=0, duration=0s, toPlayer=-1
[2026-08-06 00:52:18] [INFO] [PLAYER DISCONNECT] Player ID 0 disconnected. Role state cleared.
[2026-08-06 00:52:18] [INFO] [CLEAR ROLE] ClearPlayerRole: ALL slots cleared for targetPlayer=0, toPlayer=-1
[2026-08-06 00:52:21] [INFO] [LIFECYCLE] RoleComponent component unloading...
[2026-08-06 00:52:21] [INFO] [LIFECYCLE] RoleComponent fully unloaded.
[2026-08-06 00:52:22] [INFO] =================================================================
[2026-08-06 00:52:22] [INFO] [LIFECYCLE] RoleComponent plugin loaded into open:mp server.
[2026-08-06 00:52:22] [INFO] =================================================================
[2026-08-06 00:52:22] [INFO] [LIFECYCLE] Event handler registered with core IPlayerPool.
[2026-08-06 00:52:23] [INFO] [LIFECYCLE] RoleComponent is ready and listening to server player events.
[2026-08-06 00:52:25] [INFO] [RESOURCE] AddRoleResource registered: Key='admin.png', URL='http://gtahub.kntech.co/icons/admin.png', LocalPath='HUB-Core/icons/admin.png', AlreadyLoaded=1
[2026-08-06 00:52:25] [INFO] [RESOURCE] AddRoleResource registered: Key='vip.png', URL='http://gtahub.kntech.co/icons/vip.png', LocalPath='HUB-Core/icons/vip.png', AlreadyLoaded=1
[2026-08-06 00:52:25] [INFO] [RESOURCE] AddRoleResource registered: Key='mod.png', URL='http://gtahub.kntech.co/icons/moderator.png', LocalPath='HUB-Core/icons/mod.png', AlreadyLoaded=1
[2026-08-06 00:52:25] [INFO] [RESOURCE] AddRoleResource registered: Key='helper.png', URL='http://gtahub.kntech.co/icons/helper.png', LocalPath='HUB-Core/icons/helper.png', AlreadyLoaded=1
[2026-08-06 00:52:25] [INFO] [RESOURCE] AddRoleResource registered: Key='dev.png', URL='http://gtahub.kntech.co/icons/dev.png', LocalPath='HUB-Core/icons/dev.png', AlreadyLoaded=1
[2026-08-06 00:52:25] [INFO] [CONFIG] SetRoleGlobalConfig: Distance=25.0m, LOS=1, AutoHideVeh=1, IconSize=32.0x32.0
[2026-08-06 00:52:52] [INFO] [PLAYER CONNECT] Player ID 0 connected. Role state initialized.
[2026-08-06 00:53:13] [INFO] [PLAYER DISCONNECT] Player ID 0 disconnected. Role state cleared.
[2026-08-06 00:53:13] [INFO] [CLEAR ROLE] ClearPlayerRole: ALL slots cleared for targetPlayer=0, toPlayer=-1
[2026-08-06 00:53:34] [INFO] [PLAYER CONNECT] Player ID 0 connected. Role state initialized.
[2026-08-06 00:55:21] [INFO] [PLAYER DISCONNECT] Player ID 0 disconnected. Role state cleared.
[2026-08-06 00:55:21] [INFO] [CLEAR ROLE] ClearPlayerRole: ALL slots cleared for targetPlayer=0, toPlayer=-1
[2026-08-06 00:55:40] [INFO] [PLAYER CONNECT] Player ID 0 connected. Role state initialized.
[2026-08-06 00:56:02] [INFO] [PLAYER DISCONNECT] Player ID 0 disconnected. Role state cleared.
[2026-08-06 00:59:46] [INFO] [LIFECYCLE] RoleComponent component unloading...
[2026-08-06 00:59:46] [INFO] [LIFECYCLE] RoleComponent fully unloaded.
[2026-08-06 23:58:11] [INFO] =================================================================
[2026-08-06 23:58:11] [INFO] [LIFECYCLE] RoleComponent plugin loaded into open:mp server.
[2026-08-06 23:58:11] [INFO] =================================================================
[2026-08-06 23:58:11] [INFO] [LIFECYCLE] Event handler registered with core IPlayerPool.
[2026-08-06 23:58:11] [INFO] [LIFECYCLE] RoleComponent is ready and listening to server player events.
[2026-08-06 23:58:14] [INFO] [RESOURCE] AddRoleResource registered: Key='admin.png', URL='http://gtahub.kntech.co/icons/admin.png', LocalPath='HUB-Core/icons/admin.png', AlreadyLoaded=1
[2026-08-06 23:58:14] [INFO] [RESOURCE] AddRoleResource registered: Key='vip.png', URL='http://gtahub.kntech.co/icons/vip.png', LocalPath='HUB-Core/icons/vip.png', AlreadyLoaded=1
[2026-08-06 23:58:14] [INFO] [RESOURCE] AddRoleResource registered: Key='mod.png', URL='http://gtahub.kntech.co/icons/moderator.png', LocalPath='HUB-Core/icons/mod.png', AlreadyLoaded=1
[2026-08-06 23:58:14] [INFO] [RESOURCE] AddRoleResource registered: Key='helper.png', URL='http://gtahub.kntech.co/icons/helper.png', LocalPath='HUB-Core/icons/helper.png', AlreadyLoaded=1
[2026-08-06 23:58:14] [INFO] [RESOURCE] AddRoleResource registered: Key='dev.png', URL='http://gtahub.kntech.co/icons/dev.png', LocalPath='HUB-Core/icons/dev.png', AlreadyLoaded=1
[2026-08-06 23:58:14] [INFO] [CONFIG] SetRoleGlobalConfig: Distance=25.0m, LOS=1, AutoHideVeh=1, IconSize=32.0x32.0
[2026-08-07 00:44:39] [INFO] [PLAYER CONNECT] Player ID 0 connected. Role state initialized.
[2026-08-07 00:44:46] [INFO] [PLAYER DISCONNECT] Player ID 0 disconnected. Role state cleared.
[2026-08-07 00:44:46] [INFO] [CLEAR ROLE] ClearPlayerRole: ALL slots cleared for targetPlayer=0, toPlayer=-1
[2026-08-07 00:45:02] [INFO] [PLAYER CONNECT] Player ID 0 connected. Role state initialized.
[2026-08-07 00:45:13] [INFO] [PLAYER DISCONNECT] Player ID 0 disconnected. Role state cleared.
[2026-08-07 00:45:13] [INFO] [CLEAR ROLE] ClearPlayerRole: ALL slots cleared for targetPlayer=0, toPlayer=-1
[2026-08-07 00:45:30] [INFO] [PLAYER CONNECT] Player ID 0 connected. Role state initialized.
[2026-08-07 00:45:35] [INFO] [PLAYER DISCONNECT] Player ID 0 disconnected. Role state cleared.
[2026-08-07 00:45:35] [INFO] [CLEAR ROLE] ClearPlayerRole: ALL slots cleared for targetPlayer=0, toPlayer=-1
[2026-08-07 00:47:17] [INFO] [LIFECYCLE] RoleComponent component unloading...
[2026-08-07 00:47:17] [INFO] [LIFECYCLE] RoleComponent fully unloaded.
[2026-08-07 00:48:23] [INFO] =================================================================
[2026-08-07 00:48:23] [INFO] [LIFECYCLE] RoleComponent plugin loaded into open:mp server.
[2026-08-07 00:48:23] [INFO] =================================================================
[2026-08-07 00:48:23] [INFO] [LIFECYCLE] Event handler registered with core IPlayerPool.
[2026-08-07 00:48:23] [INFO] [LIFECYCLE] RoleComponent is ready and listening to server player events.
[2026-08-07 00:48:25] [INFO] [RESOURCE] AddRoleResource registered: Key='admin.png', URL='http://gtahub.kntech.co/icons/admin.png', LocalPath='HUB-Core/icons/admin.png', AlreadyLoaded=1
[2026-08-07 00:48:25] [INFO] [RESOURCE] AddRoleResource registered: Key='vip.png', URL='http://gtahub.kntech.co/icons/vip.png', LocalPath='HUB-Core/icons/vip.png', AlreadyLoaded=1
[2026-08-07 00:48:25] [INFO] [RESOURCE] AddRoleResource registered: Key='mod.png', URL='http://gtahub.kntech.co/icons/moderator.png', LocalPath='HUB-Core/icons/mod.png', AlreadyLoaded=1
[2026-08-07 00:48:25] [INFO] [RESOURCE] AddRoleResource registered: Key='helper.png', URL='http://gtahub.kntech.co/icons/helper.png', LocalPath='HUB-Core/icons/helper.png', AlreadyLoaded=1
[2026-08-07 00:48:25] [INFO] [RESOURCE] AddRoleResource registered: Key='dev.png', URL='http://gtahub.kntech.co/icons/dev.png', LocalPath='HUB-Core/icons/dev.png', AlreadyLoaded=1
[2026-08-07 00:48:25] [INFO] [CONFIG] SetRoleGlobalConfig: Distance=25.0m, LOS=1, AutoHideVeh=1, IconSize=32.0x32.0
[2026-08-07 00:50:49] [INFO] [PLAYER CONNECT] Player ID 0 connected. Role state initialized.
[2026-08-07 00:50:59] [INFO] [PLAYER DISCONNECT] Player ID 0 disconnected. Role state cleared.
[2026-08-07 00:51:00] [INFO] [CLEAR ROLE] ClearPlayerRole: ALL slots cleared for targetPlayer=0, toPlayer=-1
[2026-08-07 00:51:25] [INFO] [PLAYER CONNECT] Player ID 0 connected. Role state initialized.
[2026-08-07 00:51:31] [INFO] [PLAYER DISCONNECT] Player ID 0 disconnected. Role state cleared.
[2026-08-07 00:51:31] [INFO] [CLEAR ROLE] ClearPlayerRole: ALL slots cleared for targetPlayer=0, toPlayer=-1
[2026-08-07 00:52:22] [INFO] [LIFECYCLE] RoleComponent component unloading...
[2026-08-07 00:52:22] [INFO] [LIFECYCLE] RoleComponent fully unloaded.
[2026-08-07 00:52:26] [INFO] =================================================================
[2026-08-07 00:52:26] [INFO] [LIFECYCLE] RoleComponent plugin loaded into open:mp server.
[2026-08-07 00:52:26] [INFO] =================================================================
[2026-08-07 00:52:26] [INFO] [LIFECYCLE] Event handler registered with core IPlayerPool.
[2026-08-07 00:52:26] [INFO] [LIFECYCLE] RoleComponent is ready and listening to server player events.
[2026-08-07 00:52:34] [INFO] [LIFECYCLE] RoleComponent component unloading...
[2026-08-07 00:52:34] [INFO] [LIFECYCLE] RoleComponent fully unloaded.
[2026-08-07 00:52:36] [INFO] =================================================================
[2026-08-07 00:52:36] [INFO] [LIFECYCLE] RoleComponent plugin loaded into open:mp server.
[2026-08-07 00:52:36] [INFO] =================================================================
[2026-08-07 00:52:36] [INFO] [LIFECYCLE] Event handler registered with core IPlayerPool.
[2026-08-07 00:52:36] [INFO] [LIFECYCLE] RoleComponent is ready and listening to server player events.
[2026-08-07 00:59:01] [INFO] [LIFECYCLE] RoleComponent component unloading...
[2026-08-07 00:59:01] [INFO] [LIFECYCLE] RoleComponent fully unloaded.
[2026-08-07 00:59:03] [INFO] =================================================================
[2026-08-07 00:59:03] [INFO] [LIFECYCLE] RoleComponent plugin loaded into open:mp server.
[2026-08-07 00:59:03] [INFO] =================================================================
[2026-08-07 00:59:03] [INFO] [LIFECYCLE] Event handler registered with core IPlayerPool.
[2026-08-07 00:59:03] [INFO] [LIFECYCLE] RoleComponent is ready and listening to server player events.
[2026-08-07 00:59:05] [INFO] [RESOURCE] AddRoleResource registered: Key='admin.png', URL='http://gtahub.kntech.co/icons/admin.png', LocalPath='HUB-Core/icons/admin.png', AlreadyLoaded=1
[2026-08-07 00:59:05] [INFO] [RESOURCE] AddRoleResource registered: Key='vip.png', URL='http://gtahub.kntech.co/icons/vip.png', LocalPath='HUB-Core/icons/vip.png', AlreadyLoaded=1
[2026-08-07 00:59:05] [INFO] [RESOURCE] AddRoleResource registered: Key='mod.png', URL='http://gtahub.kntech.co/icons/moderator.png', LocalPath='HUB-Core/icons/mod.png', AlreadyLoaded=1
[2026-08-07 00:59:05] [INFO] [RESOURCE] AddRoleResource registered: Key='helper.png', URL='http://gtahub.kntech.co/icons/helper.png', LocalPath='HUB-Core/icons/helper.png', AlreadyLoaded=1
[2026-08-07 00:59:05] [INFO] [RESOURCE] AddRoleResource registered: Key='dev.png', URL='http://gtahub.kntech.co/icons/dev.png', LocalPath='HUB-Core/icons/dev.png', AlreadyLoaded=1
[2026-08-07 00:59:05] [INFO] [CONFIG] SetRoleGlobalConfig: Distance=25.0m, LOS=1, AutoHideVeh=1, IconSize=32.0x32.0
[2026-08-07 00:59:26] [INFO] [PLAYER CONNECT] Player ID 0 connected. Role state initialized.
[2026-08-07 00:59:42] [INFO] [PLAYER DISCONNECT] Player ID 0 disconnected. Role state cleared.
[2026-08-07 00:59:42] [INFO] [CLEAR ROLE] ClearPlayerRole: ALL slots cleared for targetPlayer=0, toPlayer=-1
[2026-08-07 01:00:57] [INFO] [LIFECYCLE] RoleComponent component unloading...
[2026-08-07 01:00:57] [INFO] [LIFECYCLE] RoleComponent fully unloaded.
[2026-08-07 01:00:58] [INFO] =================================================================
[2026-08-07 01:00:58] [INFO] [LIFECYCLE] RoleComponent plugin loaded into open:mp server.
[2026-08-07 01:00:58] [INFO] =================================================================
[2026-08-07 01:00:58] [INFO] [LIFECYCLE] Event handler registered with core IPlayerPool.
[2026-08-07 01:00:58] [INFO] [LIFECYCLE] RoleComponent is ready and listening to server player events.
[2026-08-07 01:01:00] [INFO] [RESOURCE] AddRoleResource registered: Key='admin.png', URL='http://gtahub.kntech.co/icons/admin.png', LocalPath='HUB-Core/icons/admin.png', AlreadyLoaded=1
[2026-08-07 01:01:00] [INFO] [RESOURCE] AddRoleResource registered: Key='vip.png', URL='http://gtahub.kntech.co/icons/vip.png', LocalPath='HUB-Core/icons/vip.png', AlreadyLoaded=1
[2026-08-07 01:01:00] [INFO] [RESOURCE] AddRoleResource registered: Key='mod.png', URL='http://gtahub.kntech.co/icons/moderator.png', LocalPath='HUB-Core/icons/mod.png', AlreadyLoaded=1
[2026-08-07 01:01:00] [INFO] [RESOURCE] AddRoleResource registered: Key='helper.png', URL='http://gtahub.kntech.co/icons/helper.png', LocalPath='HUB-Core/icons/helper.png', AlreadyLoaded=1
[2026-08-07 01:01:00] [INFO] [RESOURCE] AddRoleResource registered: Key='dev.png', URL='http://gtahub.kntech.co/icons/dev.png', LocalPath='HUB-Core/icons/dev.png', AlreadyLoaded=1
[2026-08-07 01:01:00] [INFO] [CONFIG] SetRoleGlobalConfig: Distance=25.0m, LOS=1, AutoHideVeh=1, IconSize=32.0x32.0
[2026-08-07 01:01:20] [INFO] [PLAYER CONNECT] Player ID 0 connected. Role state initialized.
[2026-08-07 01:01:29] [INFO] [SET PRESET] targetPlayer=0, preset=2 ('VIP'), slotID=0, duration=0s, toPlayer=-1
[2026-08-07 01:02:34] [INFO] [PLAYER DISCONNECT] Player ID 0 disconnected. Role state cleared.
[2026-08-07 01:02:34] [INFO] [CLEAR ROLE] ClearPlayerRole: ALL slots cleared for targetPlayer=0, toPlayer=-1
[2026-08-07 01:03:05] [INFO] [LIFECYCLE] RoleComponent component unloading...
[2026-08-07 01:03:05] [INFO] [LIFECYCLE] RoleComponent fully unloaded.
[2026-08-07 01:03:58] [INFO] =================================================================
[2026-08-07 01:03:58] [INFO] [LIFECYCLE] RoleComponent plugin loaded into open:mp server.
[2026-08-07 01:03:58] [INFO] =================================================================
[2026-08-07 01:03:58] [INFO] [LIFECYCLE] Event handler registered with core IPlayerPool.
[2026-08-07 01:03:58] [INFO] [LIFECYCLE] RoleComponent is ready and listening to server player events.
[2026-08-07 01:04:00] [INFO] [RESOURCE] AddRoleResource registered: Key='admin.png', URL='http://gtahub.kntech.co/icons/admin.png', LocalPath='HUB-Core/icons/admin.png', AlreadyLoaded=1
[2026-08-07 01:04:00] [INFO] [RESOURCE] AddRoleResource registered: Key='vip.png', URL='http://gtahub.kntech.co/icons/vip.png', LocalPath='HUB-Core/icons/vip.png', AlreadyLoaded=1
[2026-08-07 01:04:00] [INFO] [RESOURCE] AddRoleResource registered: Key='mod.png', URL='http://gtahub.kntech.co/icons/moderator.png', LocalPath='HUB-Core/icons/mod.png', AlreadyLoaded=1
[2026-08-07 01:04:00] [INFO] [RESOURCE] AddRoleResource registered: Key='helper.png', URL='http://gtahub.kntech.co/icons/helper.png', LocalPath='HUB-Core/icons/helper.png', AlreadyLoaded=1
[2026-08-07 01:04:00] [INFO] [RESOURCE] AddRoleResource registered: Key='dev.png', URL='http://gtahub.kntech.co/icons/dev.png', LocalPath='HUB-Core/icons/dev.png', AlreadyLoaded=1
[2026-08-07 01:04:01] [INFO] [CONFIG] SetRoleGlobalConfig: Distance=25.0m, LOS=1, AutoHideVeh=1, IconSize=32.0x32.0
[2026-08-07 01:04:19] [INFO] [PLAYER CONNECT] Player ID 0 connected. Role state initialized.
[2026-08-07 01:04:37] [INFO] [SET PRESET] targetPlayer=0, preset=2 ('VIP'), slotID=0, duration=0s, toPlayer=-1
[2026-08-07 01:05:57] [INFO] [PLAYER DISCONNECT] Player ID 0 disconnected. Role state cleared.
[2026-08-07 01:05:57] [INFO] [CLEAR ROLE] ClearPlayerRole: ALL slots cleared for targetPlayer=0, toPlayer=-1
[2026-08-07 01:14:19] [INFO] [PLAYER CONNECT] Player ID 0 connected. Role state initialized.
[2026-08-07 01:14:23] [INFO] [PLAYER DISCONNECT] Player ID 0 disconnected. Role state cleared.
[2026-08-07 01:14:23] [INFO] [CLEAR ROLE] ClearPlayerRole: ALL slots cleared for targetPlayer=0, toPlayer=-1
[2026-08-07 01:14:30] [INFO] [LIFECYCLE] RoleComponent component unloading...
[2026-08-07 01:14:30] [INFO] [LIFECYCLE] RoleComponent fully unloaded.
[2026-08-07 01:14:31] [INFO] =================================================================
[2026-08-07 01:14:31] [INFO] [LIFECYCLE] RoleComponent plugin loaded into open:mp server.
[2026-08-07 01:14:31] [INFO] =================================================================
[2026-08-07 01:14:31] [INFO] [LIFECYCLE] Event handler registered with core IPlayerPool.
[2026-08-07 01:14:31] [INFO] [LIFECYCLE] RoleComponent is ready and listening to server player events.
[2026-08-07 01:14:33] [INFO] [RESOURCE] AddRoleResource registered: Key='admin.png', URL='http://gtahub.kntech.co/icons/admin.png', LocalPath='HUB-Core/icons/admin.png', AlreadyLoaded=1
[2026-08-07 01:14:33] [INFO] [RESOURCE] AddRoleResource registered: Key='vip.png', URL='http://gtahub.kntech.co/icons/vip.png', LocalPath='HUB-Core/icons/vip.png', AlreadyLoaded=1
[2026-08-07 01:14:33] [INFO] [RESOURCE] AddRoleResource registered: Key='mod.png', URL='http://gtahub.kntech.co/icons/moderator.png', LocalPath='HUB-Core/icons/mod.png', AlreadyLoaded=1
[2026-08-07 01:14:33] [INFO] [RESOURCE] AddRoleResource registered: Key='helper.png', URL='http://gtahub.kntech.co/icons/helper.png', LocalPath='HUB-Core/icons/helper.png', AlreadyLoaded=1
[2026-08-07 01:14:33] [INFO] [RESOURCE] AddRoleResource registered: Key='dev.png', URL='http://gtahub.kntech.co/icons/dev.png', LocalPath='HUB-Core/icons/dev.png', AlreadyLoaded=1
[2026-08-07 01:14:33] [INFO] [CONFIG] SetRoleGlobalConfig: Distance=25.0m, LOS=1, AutoHideVeh=1, IconSize=32.0x32.0
[2026-08-07 01:16:22] [INFO] [LIFECYCLE] RoleComponent component unloading...
[2026-08-07 01:16:22] [INFO] [LIFECYCLE] RoleComponent fully unloaded.
[2026-08-07 01:17:44] [INFO] =================================================================
[2026-08-07 01:17:44] [INFO] [LIFECYCLE] RoleComponent plugin loaded into open:mp server.
[2026-08-07 01:17:44] [INFO] =================================================================
[2026-08-07 01:17:44] [INFO] [LIFECYCLE] Event handler registered with core IPlayerPool.
[2026-08-07 01:17:44] [INFO] [LIFECYCLE] RoleComponent is ready and listening to server player events.
[2026-08-07 01:17:46] [INFO] [RESOURCE] AddRoleResource registered: Key='admin.png', URL='http://gtahub.kntech.co/icons/admin.png', LocalPath='HUB-Core/icons/admin.png', AlreadyLoaded=1
[2026-08-07 01:17:46] [INFO] [RESOURCE] AddRoleResource registered: Key='vip.png', URL='http://gtahub.kntech.co/icons/vip.png', LocalPath='HUB-Core/icons/vip.png', AlreadyLoaded=1
[2026-08-07 01:17:46] [INFO] [RESOURCE] AddRoleResource registered: Key='mod.png', URL='http://gtahub.kntech.co/icons/moderator.png', LocalPath='HUB-Core/icons/mod.png', AlreadyLoaded=1
[2026-08-07 01:17:46] [INFO] [RESOURCE] AddRoleResource registered: Key='helper.png', URL='http://gtahub.kntech.co/icons/helper.png', LocalPath='HUB-Core/icons/helper.png', AlreadyLoaded=1
[2026-08-07 01:17:46] [INFO] [RESOURCE] AddRoleResource registered: Key='dev.png', URL='http://gtahub.kntech.co/icons/dev.png', LocalPath='HUB-Core/icons/dev.png', AlreadyLoaded=1
[2026-08-07 01:17:46] [INFO] [CONFIG] SetRoleGlobalConfig: Distance=25.0m, LOS=1, AutoHideVeh=1, IconSize=32.0x32.0
[2026-08-07 01:18:05] [INFO] [PLAYER CONNECT] Player ID 0 connected. Role state initialized.
[2026-08-07 01:18:13] [INFO] [SET PRESET] targetPlayer=0, preset=2 ('VIP'), slotID=0, duration=0s, toPlayer=-1
[2026-08-07 01:20:12] [INFO] [PLAYER DISCONNECT] Player ID 0 disconnected. Role state cleared.
[2026-08-07 01:20:12] [INFO] [CLEAR ROLE] ClearPlayerRole: ALL slots cleared for targetPlayer=0, toPlayer=-1
[2026-08-07 01:41:02] [INFO] =================================================================
[2026-08-07 01:41:02] [INFO] [LIFECYCLE] RoleComponent plugin loaded into open:mp server.
[2026-08-07 01:41:02] [INFO] =================================================================
[2026-08-07 01:41:02] [INFO] [LIFECYCLE] Event handler registered with core IPlayerPool.
[2026-08-07 01:41:02] [INFO] [LIFECYCLE] RoleComponent is ready and listening to server player events.
[2026-08-07 01:41:07] [INFO] [RESOURCE] AddRoleResource registered: Key='admin.png', URL='http://gtahub.kntech.co/icons/admin.png', LocalPath='HUB-Core/icons/admin.png', AlreadyLoaded=1
[2026-08-07 01:41:07] [INFO] [RESOURCE] AddRoleResource registered: Key='vip.png', URL='http://gtahub.kntech.co/icons/vip.png', LocalPath='HUB-Core/icons/vip.png', AlreadyLoaded=1
[2026-08-07 01:41:07] [INFO] [RESOURCE] AddRoleResource registered: Key='mod.png', URL='http://gtahub.kntech.co/icons/moderator.png', LocalPath='HUB-Core/icons/mod.png', AlreadyLoaded=1
[2026-08-07 01:41:07] [INFO] [RESOURCE] AddRoleResource registered: Key='helper.png', URL='http://gtahub.kntech.co/icons/helper.png', LocalPath='HUB-Core/icons/helper.png', AlreadyLoaded=1
[2026-08-07 01:41:07] [INFO] [RESOURCE] AddRoleResource registered: Key='dev.png', URL='http://gtahub.kntech.co/icons/dev.png', LocalPath='HUB-Core/icons/dev.png', AlreadyLoaded=1
[2026-08-07 01:41:07] [INFO] [CONFIG] SetRoleGlobalConfig: Distance=25.0m, LOS=1, AutoHideVeh=1, IconSize=32.0x32.0
[2026-08-07 01:48:22] [INFO] [LIFECYCLE] RoleComponent component unloading...
[2026-08-07 01:48:22] [INFO] [LIFECYCLE] RoleComponent fully unloaded.
[2026-08-07 15:05:46] [INFO] =================================================================
[2026-08-07 15:05:46] [INFO] [LIFECYCLE] RoleComponent plugin loaded into open:mp server.
[2026-08-07 15:05:46] [INFO] =================================================================
[2026-08-07 15:05:46] [INFO] [LIFECYCLE] Event handler registered with core IPlayerPool.
[2026-08-07 15:05:49] [INFO] [RESOURCE] AddRoleResource registered: Key='admin.png', URL='http://gtahub.kntech.co/icons/admin.png', LocalPath='HUB-Core/icons/admin.png', AlreadyLoaded=0
[2026-08-07 15:05:49] [INFO] [RESOURCE] AddRoleResource registered: Key='vip.png', URL='http://gtahub.kntech.co/icons/vip.png', LocalPath='HUB-Core/icons/vip.png', AlreadyLoaded=0
[2026-08-07 15:05:49] [INFO] [ASYNC DOWNLOAD] Started downloading resource 'admin.png' from URL 'http://gtahub.kntech.co/icons/admin.png'...
[2026-08-07 15:05:49] [INFO] [RESOURCE] AddRoleResource registered: Key='mod.png', URL='http://gtahub.kntech.co/icons/moderator.png', LocalPath='HUB-Core/icons/mod.png', AlreadyLoaded=0
[2026-08-07 15:05:49] [INFO] [ASYNC DOWNLOAD] Started downloading resource 'vip.png' from URL 'http://gtahub.kntech.co/icons/vip.png'...
[2026-08-07 15:05:49] [INFO] [ASYNC DOWNLOAD] Started downloading resource 'mod.png' from URL 'http://gtahub.kntech.co/icons/moderator.png'...
[2026-08-07 15:05:49] [INFO] [RESOURCE] AddRoleResource registered: Key='helper.png', URL='http://gtahub.kntech.co/icons/helper.png', LocalPath='HUB-Core/icons/helper.png', AlreadyLoaded=0
[2026-08-07 15:05:49] [INFO] [RESOURCE] AddRoleResource registered: Key='dev.png', URL='http://gtahub.kntech.co/icons/dev.png', LocalPath='HUB-Core/icons/dev.png', AlreadyLoaded=0
[2026-08-07 15:05:49] [INFO] [ASYNC DOWNLOAD] Started downloading resource 'helper.png' from URL 'http://gtahub.kntech.co/icons/helper.png'...
[2026-08-07 15:05:49] [INFO] [ASYNC DOWNLOAD] Started downloading resource 'dev.png' from URL 'http://gtahub.kntech.co/icons/dev.png'...
[2026-08-07 15:05:49] [INFO] [CONFIG] SetRoleGlobalConfig: Distance=25.0m, LOS=1, AutoHideVeh=1, IconSize=32.0x32.0
[2026-08-07 15:05:49] [INFO] [LIFECYCLE] RoleComponent is ready and listening to server player events.
[2026-08-07 15:05:50] [INFO] [ASYNC DOWNLOAD] Successfully saved resource 'mod.png' -> 'HUB-Core/icons/mod.png'.
[2026-08-07 15:05:50] [INFO] [ASYNC DOWNLOAD] Successfully saved resource 'dev.png' -> 'HUB-Core/icons/dev.png'.
[2026-08-07 15:05:50] [INFO] [ASYNC DOWNLOAD] Successfully saved resource 'helper.png' -> 'HUB-Core/icons/helper.png'.
[2026-08-07 15:05:50] [INFO] [ASYNC DOWNLOAD] Successfully saved resource 'admin.png' -> 'HUB-Core/icons/admin.png'.
[2026-08-07 15:05:50] [INFO] [ASYNC DOWNLOAD] Successfully saved resource 'vip.png' -> 'HUB-Core/icons/vip.png'.
[2026-08-07 15:07:16] [INFO] [PLAYER CONNECT] Player ID 0 connected. Role state initialized.
[2026-08-07 15:07:24] [INFO] [CLEAR ROLE] ClearPlayerRole: ALL slots cleared for targetPlayer=0, toPlayer=-1
[2026-08-07 15:07:24] [INFO] [PLAYER DISCONNECT] Player ID 0 disconnected. Role state cleared.
[2026-08-10 00:09:10] [INFO] =================================================================
[2026-08-10 00:09:10] [INFO] [LIFECYCLE] RoleComponent plugin loaded into open:mp server.
[2026-08-10 00:09:10] [INFO] =================================================================
[2026-08-10 00:09:10] [INFO] [LIFECYCLE] Event handler registered with core IPlayerPool.
[2026-08-10 00:09:13] [INFO] [RESOURCE] AddRoleResource registered: Key='admin.png', URL='http://gtahub.kntech.co/icons/admin.png', LocalPath='HUB-Core/icons/admin.png', AlreadyLoaded=1
[2026-08-10 00:09:13] [INFO] [RESOURCE] AddRoleResource registered: Key='vip.png', URL='http://gtahub.kntech.co/icons/vip.png', LocalPath='HUB-Core/icons/vip.png', AlreadyLoaded=1
[2026-08-10 00:09:13] [INFO] [RESOURCE] AddRoleResource registered: Key='mod.png', URL='http://gtahub.kntech.co/icons/moderator.png', LocalPath='HUB-Core/icons/mod.png', AlreadyLoaded=1
[2026-08-10 00:09:13] [INFO] [RESOURCE] AddRoleResource registered: Key='helper.png', URL='http://gtahub.kntech.co/icons/helper.png', LocalPath='HUB-Core/icons/helper.png', AlreadyLoaded=1
[2026-08-10 00:09:13] [INFO] [RESOURCE] AddRoleResource registered: Key='dev.png', URL='http://gtahub.kntech.co/icons/dev.png', LocalPath='HUB-Core/icons/dev.png', AlreadyLoaded=1
[2026-08-10 00:09:13] [INFO] [CONFIG] SetRoleGlobalConfig: Distance=25.0m, LOS=1, AutoHideVeh=1, IconSize=32.0x32.0
[2026-08-10 00:09:13] [INFO] [LIFECYCLE] RoleComponent is ready and listening to server player events.
[2026-08-10 00:11:44] [INFO] [PLAYER CONNECT] Player ID 0 connected. Role state initialized.
[2026-08-10 00:11:54] [INFO] [SET PRESET] targetPlayer=0, preset=2 ('VIP'), slotID=0, duration=0s, toPlayer=-1
[2026-08-10 00:12:36] [INFO] [CLEAR ROLE] ClearPlayerRole: ALL slots cleared for targetPlayer=0, toPlayer=-1
[2026-08-10 00:12:36] [INFO] [PLAYER DISCONNECT] Player ID 0 disconnected. Role state cleared.
[2026-08-10 00:15:52] [INFO] [LIFECYCLE] RoleComponent component unloading...
[2026-08-10 00:15:53] [INFO] =================================================================
[2026-08-10 00:15:53] [INFO] [LIFECYCLE] RoleComponent plugin loaded into open:mp server.
[2026-08-10 00:15:53] [INFO] =================================================================
[2026-08-10 00:15:53] [INFO] [LIFECYCLE] Event handler registered with core IPlayerPool.
[2026-08-10 00:15:56] [INFO] [RESOURCE] AddRoleResource registered: Key='admin.png', URL='http://gtahub.kntech.co/icons/admin.png', LocalPath='HUB-Core/icons/admin.png', AlreadyLoaded=1
[2026-08-10 00:15:56] [INFO] [RESOURCE] AddRoleResource registered: Key='vip.png', URL='http://gtahub.kntech.co/icons/vip.png', LocalPath='HUB-Core/icons/vip.png', AlreadyLoaded=1
[2026-08-10 00:15:56] [INFO] [RESOURCE] AddRoleResource registered: Key='mod.png', URL='http://gtahub.kntech.co/icons/moderator.png', LocalPath='HUB-Core/icons/mod.png', AlreadyLoaded=1
[2026-08-10 00:15:56] [INFO] [RESOURCE] AddRoleResource registered: Key='helper.png', URL='http://gtahub.kntech.co/icons/helper.png', LocalPath='HUB-Core/icons/helper.png', AlreadyLoaded=1
[2026-08-10 00:15:56] [INFO] [RESOURCE] AddRoleResource registered: Key='dev.png', URL='http://gtahub.kntech.co/icons/dev.png', LocalPath='HUB-Core/icons/dev.png', AlreadyLoaded=1
[2026-08-10 00:15:56] [INFO] [CONFIG] SetRoleGlobalConfig: Distance=25.0m, LOS=1, AutoHideVeh=1, IconSize=32.0x32.0
[2026-08-10 00:15:56] [INFO] [LIFECYCLE] RoleComponent is ready and listening to server player events.
[2026-08-10 00:16:15] [INFO] [PLAYER CONNECT] Player ID 0 connected. Role state initialized.
[2026-08-10 00:16:26] [INFO] [CLEAR ROLE] ClearPlayerRole: ALL slots cleared for targetPlayer=0, toPlayer=-1
[2026-08-10 00:16:26] [INFO] [PLAYER DISCONNECT] Player ID 0 disconnected. Role state cleared.
[2026-08-10 00:16:45] [INFO] [PLAYER CONNECT] Player ID 0 connected. Role state initialized.
[2026-08-10 00:16:54] [INFO] [SET PRESET] targetPlayer=0, preset=2 ('VIP'), slotID=0, duration=0s, toPlayer=-1
[2026-08-10 00:18:25] [INFO] [LIFECYCLE] RoleComponent component unloading...
[2026-08-10 00:18:26] [INFO] =================================================================
[2026-08-10 00:18:26] [INFO] [LIFECYCLE] RoleComponent plugin loaded into open:mp server.
[2026-08-10 00:18:26] [INFO] =================================================================
[2026-08-10 00:18:26] [INFO] [LIFECYCLE] Event handler registered with core IPlayerPool.
[2026-08-10 00:18:28] [INFO] [RESOURCE] AddRoleResource registered: Key='admin.png', URL='http://gtahub.kntech.co/icons/admin.png', LocalPath='HUB-Core/icons/admin.png', AlreadyLoaded=1
[2026-08-10 00:18:28] [INFO] [RESOURCE] AddRoleResource registered: Key='vip.png', URL='http://gtahub.kntech.co/icons/vip.png', LocalPath='HUB-Core/icons/vip.png', AlreadyLoaded=1
[2026-08-10 00:18:28] [INFO] [RESOURCE] AddRoleResource registered: Key='mod.png', URL='http://gtahub.kntech.co/icons/moderator.png', LocalPath='HUB-Core/icons/mod.png', AlreadyLoaded=1
[2026-08-10 00:18:28] [INFO] [RESOURCE] AddRoleResource registered: Key='helper.png', URL='http://gtahub.kntech.co/icons/helper.png', LocalPath='HUB-Core/icons/helper.png', AlreadyLoaded=1
[2026-08-10 00:18:28] [INFO] [RESOURCE] AddRoleResource registered: Key='dev.png', URL='http://gtahub.kntech.co/icons/dev.png', LocalPath='HUB-Core/icons/dev.png', AlreadyLoaded=1
[2026-08-10 00:18:28] [INFO] [CONFIG] SetRoleGlobalConfig: Distance=25.0m, LOS=1, AutoHideVeh=1, IconSize=32.0x32.0
[2026-08-10 00:18:28] [INFO] [LIFECYCLE] RoleComponent is ready and listening to server player events.
[2026-08-10 00:18:40] [INFO] [PLAYER CONNECT] Player ID 0 connected. Role state initialized.
[2026-08-10 00:19:48] [INFO] [LIFECYCLE] RoleComponent component unloading...
[2026-08-10 00:19:50] [INFO] =================================================================
[2026-08-10 00:19:50] [INFO] [LIFECYCLE] RoleComponent plugin loaded into open:mp server.
[2026-08-10 00:19:50] [INFO] =================================================================
[2026-08-10 00:19:50] [INFO] [LIFECYCLE] Event handler registered with core IPlayerPool.
[2026-08-10 00:19:53] [INFO] [RESOURCE] AddRoleResource registered: Key='admin.png', URL='http://gtahub.kntech.co/icons/admin.png', LocalPath='HUB-Core/icons/admin.png', AlreadyLoaded=1
[2026-08-10 00:19:53] [INFO] [RESOURCE] AddRoleResource registered: Key='vip.png', URL='http://gtahub.kntech.co/icons/vip.png', LocalPath='HUB-Core/icons/vip.png', AlreadyLoaded=1
[2026-08-10 00:19:53] [INFO] [RESOURCE] AddRoleResource registered: Key='mod.png', URL='http://gtahub.kntech.co/icons/moderator.png', LocalPath='HUB-Core/icons/mod.png', AlreadyLoaded=1
[2026-08-10 00:19:53] [INFO] [RESOURCE] AddRoleResource registered: Key='helper.png', URL='http://gtahub.kntech.co/icons/helper.png', LocalPath='HUB-Core/icons/helper.png', AlreadyLoaded=1
[2026-08-10 00:19:53] [INFO] [RESOURCE] AddRoleResource registered: Key='dev.png', URL='http://gtahub.kntech.co/icons/dev.png', LocalPath='HUB-Core/icons/dev.png', AlreadyLoaded=1
[2026-08-10 00:19:53] [INFO] [CONFIG] SetRoleGlobalConfig: Distance=25.0m, LOS=1, AutoHideVeh=1, IconSize=32.0x32.0
[2026-08-10 00:19:53] [INFO] [LIFECYCLE] RoleComponent is ready and listening to server player events.
[2026-08-10 00:20:18] [INFO] [PLAYER CONNECT] Player ID 0 connected. Role state initialized.
[2026-08-10 00:20:27] [INFO] [CLEAR ROLE] ClearPlayerRole: ALL slots cleared for targetPlayer=0, toPlayer=-1
[2026-08-10 00:20:27] [INFO] [PLAYER DISCONNECT] Player ID 0 disconnected. Role state cleared.
[2026-08-10 00:20:45] [INFO] [PLAYER CONNECT] Player ID 0 connected. Role state initialized.
[2026-08-10 00:20:55] [INFO] [CLEAR ROLE] ClearPlayerRole: ALL slots cleared for targetPlayer=0, toPlayer=-1
[2026-08-10 00:20:55] [INFO] [PLAYER DISCONNECT] Player ID 0 disconnected. Role state cleared.
[2026-08-10 00:22:50] [INFO] [LIFECYCLE] RoleComponent component unloading...
[2026-08-10 00:22:52] [INFO] =================================================================
[2026-08-10 00:22:52] [INFO] [LIFECYCLE] RoleComponent plugin loaded into open:mp server.
[2026-08-10 00:22:52] [INFO] =================================================================
[2026-08-10 00:22:52] [INFO] [LIFECYCLE] Event handler registered with core IPlayerPool.
[2026-08-10 00:22:55] [INFO] [RESOURCE] AddRoleResource registered: Key='admin.png', URL='http://gtahub.kntech.co/icons/admin.png', LocalPath='HUB-Core/icons/admin.png', AlreadyLoaded=1
[2026-08-10 00:22:55] [INFO] [RESOURCE] AddRoleResource registered: Key='vip.png', URL='http://gtahub.kntech.co/icons/vip.png', LocalPath='HUB-Core/icons/vip.png', AlreadyLoaded=1
[2026-08-10 00:22:55] [INFO] [RESOURCE] AddRoleResource registered: Key='mod.png', URL='http://gtahub.kntech.co/icons/moderator.png', LocalPath='HUB-Core/icons/mod.png', AlreadyLoaded=1
[2026-08-10 00:22:55] [INFO] [RESOURCE] AddRoleResource registered: Key='helper.png', URL='http://gtahub.kntech.co/icons/helper.png', LocalPath='HUB-Core/icons/helper.png', AlreadyLoaded=1
[2026-08-10 00:22:55] [INFO] [RESOURCE] AddRoleResource registered: Key='dev.png', URL='http://gtahub.kntech.co/icons/dev.png', LocalPath='HUB-Core/icons/dev.png', AlreadyLoaded=1
[2026-08-10 00:22:55] [INFO] [CONFIG] SetRoleGlobalConfig: Distance=25.0m, LOS=1, AutoHideVeh=1, IconSize=32.0x32.0
[2026-08-10 00:22:55] [INFO] [LIFECYCLE] RoleComponent is ready and listening to server player events.
[2026-08-10 00:23:15] [INFO] [PLAYER CONNECT] Player ID 0 connected. Role state initialized.
[2026-08-10 00:23:28] [INFO] [CLEAR ROLE] ClearPlayerRole: ALL slots cleared for targetPlayer=0, toPlayer=-1
[2026-08-10 00:23:28] [INFO] [PLAYER DISCONNECT] Player ID 0 disconnected. Role state cleared.
[2026-08-10 00:24:42] [INFO] [LIFECYCLE] RoleComponent component unloading...
[2026-08-10 00:24:43] [INFO] =================================================================
[2026-08-10 00:24:43] [INFO] [LIFECYCLE] RoleComponent plugin loaded into open:mp server.
[2026-08-10 00:24:43] [INFO] =================================================================
[2026-08-10 00:24:43] [INFO] [LIFECYCLE] Event handler registered with core IPlayerPool.
[2026-08-10 00:24:45] [INFO] [RESOURCE] AddRoleResource registered: Key='admin.png', URL='http://gtahub.kntech.co/icons/admin.png', LocalPath='HUB-Core/icons/admin.png', AlreadyLoaded=1
[2026-08-10 00:24:45] [INFO] [RESOURCE] AddRoleResource registered: Key='vip.png', URL='http://gtahub.kntech.co/icons/vip.png', LocalPath='HUB-Core/icons/vip.png', AlreadyLoaded=1
[2026-08-10 00:24:45] [INFO] [RESOURCE] AddRoleResource registered: Key='mod.png', URL='http://gtahub.kntech.co/icons/moderator.png', LocalPath='HUB-Core/icons/mod.png', AlreadyLoaded=1
[2026-08-10 00:24:45] [INFO] [RESOURCE] AddRoleResource registered: Key='helper.png', URL='http://gtahub.kntech.co/icons/helper.png', LocalPath='HUB-Core/icons/helper.png', AlreadyLoaded=1
[2026-08-10 00:24:45] [INFO] [RESOURCE] AddRoleResource registered: Key='dev.png', URL='http://gtahub.kntech.co/icons/dev.png', LocalPath='HUB-Core/icons/dev.png', AlreadyLoaded=1
[2026-08-10 00:24:45] [INFO] [CONFIG] SetRoleGlobalConfig: Distance=25.0m, LOS=1, AutoHideVeh=1, IconSize=32.0x32.0
[2026-08-10 00:24:45] [INFO] [LIFECYCLE] RoleComponent is ready and listening to server player events.
[2026-08-10 00:25:08] [INFO] [PLAYER CONNECT] Player ID 0 connected. Role state initialized.
[2026-08-10 00:25:16] [INFO] [CLEAR ROLE] ClearPlayerRole: ALL slots cleared for targetPlayer=0, toPlayer=-1
[2026-08-10 00:25:16] [INFO] [PLAYER DISCONNECT] Player ID 0 disconnected. Role state cleared.
[2026-08-10 00:25:37] [INFO] [PLAYER CONNECT] Player ID 0 connected. Role state initialized.
[2026-08-10 00:25:41] [INFO] [CLEAR ROLE] ClearPlayerRole: ALL slots cleared for targetPlayer=0, toPlayer=-1
[2026-08-10 00:25:41] [INFO] [PLAYER DISCONNECT] Player ID 0 disconnected. Role state cleared.
[2026-08-10 00:27:10] [INFO] [PLAYER CONNECT] Player ID 0 connected. Role state initialized.
[2026-08-10 00:27:24] [INFO] [SET PRESET] targetPlayer=0, preset=2 ('VIP'), slotID=0, duration=0s, toPlayer=-1
[2026-08-10 00:27:52] [INFO] [CLEAR ROLE] ClearPlayerRole: ALL slots cleared for targetPlayer=0, toPlayer=-1
[2026-08-10 00:27:52] [INFO] [PLAYER DISCONNECT] Player ID 0 disconnected. Role state cleared.
[2026-08-10 00:32:16] [INFO] [LIFECYCLE] RoleComponent component unloading...
[2026-08-10 00:32:17] [INFO] =================================================================
[2026-08-10 00:32:17] [INFO] [LIFECYCLE] RoleComponent plugin loaded into open:mp server.
[2026-08-10 00:32:17] [INFO] =================================================================
[2026-08-10 00:32:17] [INFO] [LIFECYCLE] Event handler registered with core IPlayerPool.
[2026-08-10 00:32:19] [INFO] [RESOURCE] AddRoleResource registered: Key='admin.png', URL='http://gtahub.kntech.co/icons/admin.png', LocalPath='HUB-Core/icons/admin.png', AlreadyLoaded=1
[2026-08-10 00:32:19] [INFO] [RESOURCE] AddRoleResource registered: Key='vip.png', URL='http://gtahub.kntech.co/icons/vip.png', LocalPath='HUB-Core/icons/vip.png', AlreadyLoaded=1
[2026-08-10 00:32:19] [INFO] [RESOURCE] AddRoleResource registered: Key='mod.png', URL='http://gtahub.kntech.co/icons/moderator.png', LocalPath='HUB-Core/icons/mod.png', AlreadyLoaded=1
[2026-08-10 00:32:19] [INFO] [RESOURCE] AddRoleResource registered: Key='helper.png', URL='http://gtahub.kntech.co/icons/helper.png', LocalPath='HUB-Core/icons/helper.png', AlreadyLoaded=1
[2026-08-10 00:32:19] [INFO] [RESOURCE] AddRoleResource registered: Key='dev.png', URL='http://gtahub.kntech.co/icons/dev.png', LocalPath='HUB-Core/icons/dev.png', AlreadyLoaded=1
[2026-08-10 00:32:19] [INFO] [CONFIG] SetRoleGlobalConfig: Distance=25.0m, LOS=1, AutoHideVeh=1, IconSize=32.0x32.0
[2026-08-10 00:32:19] [INFO] [LIFECYCLE] RoleComponent is ready and listening to server player events.
[2026-08-10 00:33:19] [INFO] [PLAYER CONNECT] Player ID 0 connected. Role state initialized.
[2026-08-10 00:33:49] [INFO] [CLEAR ROLE] ClearPlayerRole: ALL slots cleared for targetPlayer=0, toPlayer=-1
[2026-08-10 00:33:49] [INFO] [PLAYER DISCONNECT] Player ID 0 disconnected. Role state cleared.
[2026-08-10 00:35:06] [INFO] [PLAYER CONNECT] Player ID 0 connected. Role state initialized.
[2026-08-10 00:35:14] [INFO] [CLEAR ROLE] ClearPlayerRole: ALL slots cleared for targetPlayer=0, toPlayer=-1
[2026-08-10 00:35:14] [INFO] [PLAYER DISCONNECT] Player ID 0 disconnected. Role state cleared.
[2026-08-10 00:36:05] [INFO] [PLAYER CONNECT] Player ID 0 connected. Role state initialized.
[2026-08-10 00:36:27] [INFO] [CLEAR ROLE] ClearPlayerRole: ALL slots cleared for targetPlayer=0, toPlayer=-1
[2026-08-10 00:36:27] [INFO] [PLAYER DISCONNECT] Player ID 0 disconnected. Role state cleared.
[2026-08-10 01:09:41] [INFO] [PLAYER CONNECT] Player ID 0 connected. Role state initialized.
[2026-08-10 01:10:03] [INFO] [CLEAR ROLE] ClearPlayerRole: ALL slots cleared for targetPlayer=0, toPlayer=-1
[2026-08-10 01:10:03] [INFO] [PLAYER DISCONNECT] Player ID 0 disconnected. Role state cleared.
[2026-08-10 01:25:32] [INFO] [PLAYER CONNECT] Player ID 0 connected. Role state initialized.
[2026-08-10 01:26:04] [INFO] [CLEAR ROLE] ClearPlayerRole: ALL slots cleared for targetPlayer=0, toPlayer=-1
[2026-08-10 01:26:04] [INFO] [PLAYER DISCONNECT] Player ID 0 disconnected. Role state cleared.
[2026-08-10 01:28:30] [INFO] [PLAYER CONNECT] Player ID 0 connected. Role state initialized.
[2026-08-10 01:29:03] [INFO] [CLEAR ROLE] ClearPlayerRole: ALL slots cleared for targetPlayer=0, toPlayer=-1
[2026-08-10 01:29:03] [INFO] [PLAYER DISCONNECT] Player ID 0 disconnected. Role state cleared.
[2026-08-10 01:29:08] [INFO] [LIFECYCLE] RoleComponent component unloading...
[2026-08-10 01:29:10] [INFO] =================================================================
[2026-08-10 01:29:10] [INFO] [LIFECYCLE] RoleComponent plugin loaded into open:mp server.
[2026-08-10 01:29:10] [INFO] =================================================================
[2026-08-10 01:29:10] [INFO] [LIFECYCLE] Event handler registered with core IPlayerPool.
[2026-08-10 01:29:12] [INFO] [RESOURCE] AddRoleResource registered: Key='admin.png', URL='http://gtahub.kntech.co/icons/admin.png', LocalPath='HUB-Core/icons/admin.png', AlreadyLoaded=1
[2026-08-10 01:29:12] [INFO] [RESOURCE] AddRoleResource registered: Key='vip.png', URL='http://gtahub.kntech.co/icons/vip.png', LocalPath='HUB-Core/icons/vip.png', AlreadyLoaded=1
[2026-08-10 01:29:12] [INFO] [RESOURCE] AddRoleResource registered: Key='mod.png', URL='http://gtahub.kntech.co/icons/moderator.png', LocalPath='HUB-Core/icons/mod.png', AlreadyLoaded=1
[2026-08-10 01:29:12] [INFO] [RESOURCE] AddRoleResource registered: Key='helper.png', URL='http://gtahub.kntech.co/icons/helper.png', LocalPath='HUB-Core/icons/helper.png', AlreadyLoaded=1
[2026-08-10 01:29:12] [INFO] [RESOURCE] AddRoleResource registered: Key='dev.png', URL='http://gtahub.kntech.co/icons/dev.png', LocalPath='HUB-Core/icons/dev.png', AlreadyLoaded=1
[2026-08-10 01:29:12] [INFO] [CONFIG] SetRoleGlobalConfig: Distance=25.0m, LOS=1, AutoHideVeh=1, IconSize=32.0x32.0
[2026-08-10 01:29:12] [INFO] [LIFECYCLE] RoleComponent is ready and listening to server player events.
[2026-08-10 01:29:31] [INFO] [PLAYER CONNECT] Player ID 0 connected. Role state initialized.
[2026-08-10 01:29:57] [INFO] [CLEAR ROLE] ClearPlayerRole: ALL slots cleared for targetPlayer=0, toPlayer=-1
[2026-08-10 01:29:57] [INFO] [PLAYER DISCONNECT] Player ID 0 disconnected. Role state cleared.
[2026-08-10 01:33:47] [INFO] [PLAYER CONNECT] Player ID 0 connected. Role state initialized.
[2026-08-10 01:34:58] [INFO] [CLEAR ROLE] ClearPlayerRole: ALL slots cleared for targetPlayer=0, toPlayer=-1
[2026-08-10 01:34:58] [INFO] [PLAYER DISCONNECT] Player ID 0 disconnected. Role state cleared.
[2026-08-10 01:36:59] [INFO] [PLAYER CONNECT] Player ID 0 connected. Role state initialized.
[2026-08-10 01:37:41] [INFO] [CLEAR ROLE] ClearPlayerRole: ALL slots cleared for targetPlayer=0, toPlayer=-1
[2026-08-10 01:37:41] [INFO] [PLAYER DISCONNECT] Player ID 0 disconnected. Role state cleared.
[2026-08-10 01:49:30] [INFO] [LIFECYCLE] RoleComponent component unloading...
[2026-08-10 01:49:40] [INFO] =================================================================
[2026-08-10 01:49:40] [INFO] [LIFECYCLE] RoleComponent plugin loaded into open:mp server.
[2026-08-10 01:49:40] [INFO] =================================================================
[2026-08-10 01:49:40] [INFO] [LIFECYCLE] Event handler registered with core IPlayerPool.
[2026-08-10 01:49:42] [INFO] [RESOURCE] AddRoleResource registered: Key='admin.png', URL='http://gtahub.kntech.co/icons/admin.png', LocalPath='HUB-Core/icons/admin.png', AlreadyLoaded=1
[2026-08-10 01:49:42] [INFO] [RESOURCE] AddRoleResource registered: Key='vip.png', URL='http://gtahub.kntech.co/icons/vip.png', LocalPath='HUB-Core/icons/vip.png', AlreadyLoaded=1
[2026-08-10 01:49:42] [INFO] [RESOURCE] AddRoleResource registered: Key='mod.png', URL='http://gtahub.kntech.co/icons/moderator.png', LocalPath='HUB-Core/icons/mod.png', AlreadyLoaded=1
[2026-08-10 01:49:42] [INFO] [RESOURCE] AddRoleResource registered: Key='helper.png', URL='http://gtahub.kntech.co/icons/helper.png', LocalPath='HUB-Core/icons/helper.png', AlreadyLoaded=1
[2026-08-10 01:49:42] [INFO] [RESOURCE] AddRoleResource registered: Key='dev.png', URL='http://gtahub.kntech.co/icons/dev.png', LocalPath='HUB-Core/icons/dev.png', AlreadyLoaded=1
[2026-08-10 01:49:42] [INFO] [CONFIG] SetRoleGlobalConfig: Distance=25.0m, LOS=1, AutoHideVeh=1, IconSize=32.0x32.0
[2026-08-10 01:49:42] [INFO] [LIFECYCLE] RoleComponent is ready and listening to server player events.
[2026-08-10 01:50:10] [INFO] [PLAYER CONNECT] Player ID 0 connected. Role state initialized.
[2026-08-10 01:53:40] [INFO] [CLEAR ROLE] ClearPlayerRole: ALL slots cleared for targetPlayer=0, toPlayer=-1
[2026-08-10 01:53:40] [INFO] [PLAYER DISCONNECT] Player ID 0 disconnected. Role state cleared.
[2026-08-10 01:54:24] [INFO] [LIFECYCLE] RoleComponent component unloading...
[2026-08-10 01:54:37] [INFO] =================================================================
[2026-08-10 01:54:37] [INFO] [LIFECYCLE] RoleComponent plugin loaded into open:mp server.
[2026-08-10 01:54:37] [INFO] =================================================================
[2026-08-10 01:54:37] [INFO] [LIFECYCLE] Event handler registered with core IPlayerPool.
[2026-08-10 01:54:39] [INFO] [RESOURCE] AddRoleResource registered: Key='admin.png', URL='http://gtahub.kntech.co/icons/admin.png', LocalPath='HUB-Core/icons/admin.png', AlreadyLoaded=1
[2026-08-10 01:54:39] [INFO] [RESOURCE] AddRoleResource registered: Key='vip.png', URL='http://gtahub.kntech.co/icons/vip.png', LocalPath='HUB-Core/icons/vip.png', AlreadyLoaded=1
[2026-08-10 01:54:39] [INFO] [RESOURCE] AddRoleResource registered: Key='mod.png', URL='http://gtahub.kntech.co/icons/moderator.png', LocalPath='HUB-Core/icons/mod.png', AlreadyLoaded=1
[2026-08-10 01:54:39] [INFO] [RESOURCE] AddRoleResource registered: Key='helper.png', URL='http://gtahub.kntech.co/icons/helper.png', LocalPath='HUB-Core/icons/helper.png', AlreadyLoaded=1
[2026-08-10 01:54:39] [INFO] [RESOURCE] AddRoleResource registered: Key='dev.png', URL='http://gtahub.kntech.co/icons/dev.png', LocalPath='HUB-Core/icons/dev.png', AlreadyLoaded=1
[2026-08-10 01:54:39] [INFO] [CONFIG] SetRoleGlobalConfig: Distance=25.0m, LOS=1, AutoHideVeh=1, IconSize=32.0x32.0
[2026-08-10 01:54:39] [INFO] [LIFECYCLE] RoleComponent is ready and listening to server player events.
[2026-08-10 01:55:00] [INFO] [PLAYER CONNECT] Player ID 0 connected. Role state initialized.
[2026-08-10 01:56:07] [INFO] [CLEAR ROLE] ClearPlayerRole: ALL slots cleared for targetPlayer=0, toPlayer=-1
[2026-08-10 01:56:07] [INFO] [PLAYER DISCONNECT] Player ID 0 disconnected. Role state cleared.
[2026-08-10 01:57:27] [INFO] [PLAYER CONNECT] Player ID 0 connected. Role state initialized.
[2026-08-10 01:57:43] [INFO] [CLEAR ROLE] ClearPlayerRole: ALL slots cleared for targetPlayer=0, toPlayer=-1
[2026-08-10 01:57:43] [INFO] [PLAYER DISCONNECT] Player ID 0 disconnected. Role state cleared.
[2026-08-10 01:58:10] [INFO] [LIFECYCLE] RoleComponent component unloading...
[2026-08-10 01:58:25] [INFO] =================================================================
[2026-08-10 01:58:25] [INFO] [LIFECYCLE] RoleComponent plugin loaded into open:mp server.
[2026-08-10 01:58:25] [INFO] =================================================================
[2026-08-10 01:58:25] [INFO] [LIFECYCLE] Event handler registered with core IPlayerPool.
[2026-08-10 01:58:27] [INFO] [RESOURCE] AddRoleResource registered: Key='admin.png', URL='http://gtahub.kntech.co/icons/admin.png', LocalPath='HUB-Core/icons/admin.png', AlreadyLoaded=1
[2026-08-10 01:58:27] [INFO] [RESOURCE] AddRoleResource registered: Key='vip.png', URL='http://gtahub.kntech.co/icons/vip.png', LocalPath='HUB-Core/icons/vip.png', AlreadyLoaded=1
[2026-08-10 01:58:27] [INFO] [RESOURCE] AddRoleResource registered: Key='mod.png', URL='http://gtahub.kntech.co/icons/moderator.png', LocalPath='HUB-Core/icons/mod.png', AlreadyLoaded=1
[2026-08-10 01:58:27] [INFO] [RESOURCE] AddRoleResource registered: Key='helper.png', URL='http://gtahub.kntech.co/icons/helper.png', LocalPath='HUB-Core/icons/helper.png', AlreadyLoaded=1
[2026-08-10 01:58:27] [INFO] [RESOURCE] AddRoleResource registered: Key='dev.png', URL='http://gtahub.kntech.co/icons/dev.png', LocalPath='HUB-Core/icons/dev.png', AlreadyLoaded=1
[2026-08-10 01:58:27] [INFO] [CONFIG] SetRoleGlobalConfig: Distance=25.0m, LOS=1, AutoHideVeh=1, IconSize=32.0x32.0
[2026-08-10 01:58:27] [INFO] [LIFECYCLE] RoleComponent is ready and listening to server player events.
[2026-08-10 01:58:46] [INFO] [PLAYER CONNECT] Player ID 0 connected. Role state initialized.
[2026-08-10 01:59:00] [INFO] [CLEAR ROLE] ClearPlayerRole: ALL slots cleared for targetPlayer=0, toPlayer=-1
[2026-08-10 01:59:00] [INFO] [PLAYER DISCONNECT] Player ID 0 disconnected. Role state cleared.
[2026-08-10 02:07:49] [INFO] [PLAYER CONNECT] Player ID 0 connected. Role state initialized.
[2026-08-10 02:07:58] [INFO] [CLEAR ROLE] ClearPlayerRole: ALL slots cleared for targetPlayer=0, toPlayer=-1
[2026-08-10 02:07:58] [INFO] [PLAYER DISCONNECT] Player ID 0 disconnected. Role state cleared.
[2026-08-10 02:08:33] [INFO] [PLAYER CONNECT] Player ID 0 connected. Role state initialized.
[2026-08-10 02:08:50] [INFO] [CLEAR ROLE] ClearPlayerRole: ALL slots cleared for targetPlayer=0, toPlayer=-1
[2026-08-10 02:08:50] [INFO] [PLAYER DISCONNECT] Player ID 0 disconnected. Role state cleared.
[2026-08-11 00:07:09] [INFO] [LIFECYCLE] RoleComponent component unloading...
[2026-08-11 00:07:10] [INFO] =================================================================
[2026-08-11 00:07:10] [INFO] [LIFECYCLE] RoleComponent plugin loaded into open:mp server.
[2026-08-11 00:07:10] [INFO] =================================================================
[2026-08-11 00:07:10] [INFO] [LIFECYCLE] Event handler registered with core IPlayerPool.
[2026-08-11 00:07:13] [INFO] [RESOURCE] AddRoleResource registered: Key='admin.png', URL='http://gtahub.kntech.co/icons/admin.png', LocalPath='HUB-Core/icons/admin.png', AlreadyLoaded=1
[2026-08-11 00:07:13] [INFO] [RESOURCE] AddRoleResource registered: Key='vip.png', URL='http://gtahub.kntech.co/icons/vip.png', LocalPath='HUB-Core/icons/vip.png', AlreadyLoaded=1
[2026-08-11 00:07:13] [INFO] [RESOURCE] AddRoleResource registered: Key='mod.png', URL='http://gtahub.kntech.co/icons/moderator.png', LocalPath='HUB-Core/icons/mod.png', AlreadyLoaded=1
[2026-08-11 00:07:13] [INFO] [RESOURCE] AddRoleResource registered: Key='helper.png', URL='http://gtahub.kntech.co/icons/helper.png', LocalPath='HUB-Core/icons/helper.png', AlreadyLoaded=1
[2026-08-11 00:07:13] [INFO] [RESOURCE] AddRoleResource registered: Key='dev.png', URL='http://gtahub.kntech.co/icons/dev.png', LocalPath='HUB-Core/icons/dev.png', AlreadyLoaded=1
[2026-08-11 00:07:13] [INFO] [CONFIG] SetRoleGlobalConfig: Distance=25.0m, LOS=1, AutoHideVeh=1, IconSize=32.0x32.0
[2026-08-11 00:07:13] [INFO] [LIFECYCLE] RoleComponent is ready and listening to server player events.
[2026-08-11 00:19:03] [INFO] =================================================================
[2026-08-11 00:19:03] [INFO] [LIFECYCLE] RoleComponent plugin loaded into open:mp server.
[2026-08-11 00:19:03] [INFO] =================================================================
[2026-08-11 00:19:03] [INFO] [LIFECYCLE] Event handler registered with core IPlayerPool.
[2026-08-11 00:19:05] [INFO] [RESOURCE] AddRoleResource registered: Key='admin.png', URL='http://gtahub.kntech.co/icons/admin.png', LocalPath='HUB-Core/icons/admin.png', AlreadyLoaded=1
[2026-08-11 00:19:05] [INFO] [RESOURCE] AddRoleResource registered: Key='vip.png', URL='http://gtahub.kntech.co/icons/vip.png', LocalPath='HUB-Core/icons/vip.png', AlreadyLoaded=1
[2026-08-11 00:19:05] [INFO] [RESOURCE] AddRoleResource registered: Key='mod.png', URL='http://gtahub.kntech.co/icons/moderator.png', LocalPath='HUB-Core/icons/mod.png', AlreadyLoaded=1
[2026-08-11 00:19:05] [INFO] [RESOURCE] AddRoleResource registered: Key='helper.png', URL='http://gtahub.kntech.co/icons/helper.png', LocalPath='HUB-Core/icons/helper.png', AlreadyLoaded=1
[2026-08-11 00:19:05] [INFO] [RESOURCE] AddRoleResource registered: Key='dev.png', URL='http://gtahub.kntech.co/icons/dev.png', LocalPath='HUB-Core/icons/dev.png', AlreadyLoaded=1
[2026-08-11 00:19:05] [INFO] [CONFIG] SetRoleGlobalConfig: Distance=25.0m, LOS=1, AutoHideVeh=1, IconSize=32.0x32.0
[2026-08-11 00:19:05] [INFO] [LIFECYCLE] RoleComponent is ready and listening to server player events.
[2026-08-11 00:19:14] [INFO] [PLAYER CONNECT] Player ID 0 connected. Role state initialized.
[2026-08-11 00:19:39] [INFO] [CLEAR ROLE] ClearPlayerRole: ALL slots cleared for targetPlayer=0, toPlayer=-1
[2026-08-11 00:19:39] [INFO] [PLAYER DISCONNECT] Player ID 0 disconnected. Role state cleared.
[2026-08-11 00:19:40] [INFO] [PLAYER CONNECT] Player ID 0 connected. Role state initialized.
[2026-08-11 00:19:46] [INFO] [SET PRESET] targetPlayer=0, preset=2 ('VIP'), slotID=0, duration=0s, toPlayer=-1
[2026-08-11 00:21:45] [INFO] [CLEAR ROLE] ClearPlayerRole: ALL slots cleared for targetPlayer=0, toPlayer=-1
[2026-08-11 00:21:45] [INFO] [PLAYER DISCONNECT] Player ID 0 disconnected. Role state cleared.
[2026-08-11 01:04:26] [INFO] =================================================================
[2026-08-11 01:04:26] [INFO] [LIFECYCLE] RoleComponent plugin loaded into open:mp server.
[2026-08-11 01:04:26] [INFO] =================================================================
[2026-08-11 01:04:26] [INFO] [LIFECYCLE] Event handler registered with core IPlayerPool.
[2026-08-11 01:04:29] [INFO] [RESOURCE] AddRoleResource registered: Key='admin.png', URL='http://gtahub.kntech.co/icons/admin.png', LocalPath='HUB-Core/icons/admin.png', AlreadyLoaded=1
[2026-08-11 01:04:29] [INFO] [RESOURCE] AddRoleResource registered: Key='vip.png', URL='http://gtahub.kntech.co/icons/vip.png', LocalPath='HUB-Core/icons/vip.png', AlreadyLoaded=1
[2026-08-11 01:04:29] [INFO] [RESOURCE] AddRoleResource registered: Key='mod.png', URL='http://gtahub.kntech.co/icons/moderator.png', LocalPath='HUB-Core/icons/mod.png', AlreadyLoaded=1
[2026-08-11 01:04:29] [INFO] [RESOURCE] AddRoleResource registered: Key='helper.png', URL='http://gtahub.kntech.co/icons/helper.png', LocalPath='HUB-Core/icons/helper.png', AlreadyLoaded=1
[2026-08-11 01:04:29] [INFO] [RESOURCE] AddRoleResource registered: Key='dev.png', URL='http://gtahub.kntech.co/icons/dev.png', LocalPath='HUB-Core/icons/dev.png', AlreadyLoaded=1
[2026-08-11 01:04:29] [INFO] [CONFIG] SetRoleGlobalConfig: Distance=25.0m, LOS=1, AutoHideVeh=1, IconSize=32.0x32.0
[2026-08-11 01:04:29] [INFO] [LIFECYCLE] RoleComponent is ready and listening to server player events.
[2026-08-11 01:05:05] [INFO] [PLAYER CONNECT] Player ID 0 connected. Role state initialized.
[2026-08-11 01:05:48] [INFO] [CLEAR ROLE] ClearPlayerRole: ALL slots cleared for targetPlayer=0, toPlayer=-1
[2026-08-11 01:05:48] [INFO] [PLAYER DISCONNECT] Player ID 0 disconnected. Role state cleared.
[2026-08-11 01:10:02] [INFO] [PLAYER CONNECT] Player ID 0 connected. Role state initialized.
[2026-08-11 01:10:11] [INFO] [SET PRESET] targetPlayer=0, preset=2 ('VIP'), slotID=0, duration=0s, toPlayer=-1
[2026-08-11 01:10:18] [INFO] [CLEAR ROLE] ClearPlayerRole: ALL slots cleared for targetPlayer=0, toPlayer=-1
[2026-08-11 01:10:18] [INFO] [PLAYER DISCONNECT] Player ID 0 disconnected. Role state cleared.
[2026-08-11 01:10:23] [INFO] [LIFECYCLE] RoleComponent component unloading...
[2026-08-11 01:10:29] [INFO] =================================================================
[2026-08-11 01:10:29] [INFO] [LIFECYCLE] RoleComponent plugin loaded into open:mp server.
[2026-08-11 01:10:29] [INFO] =================================================================
[2026-08-11 01:10:30] [INFO] [LIFECYCLE] Event handler registered with core IPlayerPool.
[2026-08-11 01:10:34] [INFO] [RESOURCE] AddRoleResource registered: Key='admin.png', URL='http://gtahub.kntech.co/icons/admin.png', LocalPath='HUB-Core/icons/admin.png', AlreadyLoaded=1
[2026-08-11 01:10:34] [INFO] [RESOURCE] AddRoleResource registered: Key='vip.png', URL='http://gtahub.kntech.co/icons/vip.png', LocalPath='HUB-Core/icons/vip.png', AlreadyLoaded=1
[2026-08-11 01:10:34] [INFO] [RESOURCE] AddRoleResource registered: Key='mod.png', URL='http://gtahub.kntech.co/icons/moderator.png', LocalPath='HUB-Core/icons/mod.png', AlreadyLoaded=1
[2026-08-11 01:10:34] [INFO] [RESOURCE] AddRoleResource registered: Key='helper.png', URL='http://gtahub.kntech.co/icons/helper.png', LocalPath='HUB-Core/icons/helper.png', AlreadyLoaded=1
[2026-08-11 01:10:34] [INFO] [RESOURCE] AddRoleResource registered: Key='dev.png', URL='http://gtahub.kntech.co/icons/dev.png', LocalPath='HUB-Core/icons/dev.png', AlreadyLoaded=1
[2026-08-11 01:10:34] [INFO] [CONFIG] SetRoleGlobalConfig: Distance=25.0m, LOS=1, AutoHideVeh=1, IconSize=32.0x32.0
[2026-08-11 01:10:34] [INFO] [LIFECYCLE] RoleComponent is ready and listening to server player events.
[2026-08-11 01:10:45] [INFO] [PLAYER CONNECT] Player ID 0 connected. Role state initialized.
[2026-08-11 01:10:56] [INFO] [SET PRESET] targetPlayer=0, preset=2 ('VIP'), slotID=0, duration=0s, toPlayer=-1
[2026-08-11 01:11:11] [INFO] [CLEAR ROLE] ClearPlayerRole: ALL slots cleared for targetPlayer=0, toPlayer=-1
[2026-08-11 01:11:11] [INFO] [PLAYER DISCONNECT] Player ID 0 disconnected. Role state cleared.
[2026-08-11 01:14:44] [INFO] [LIFECYCLE] RoleComponent component unloading...
[2026-08-11 01:14:45] [INFO] =================================================================
[2026-08-11 01:14:45] [INFO] [LIFECYCLE] RoleComponent plugin loaded into open:mp server.
[2026-08-11 01:14:45] [INFO] =================================================================
[2026-08-11 01:14:45] [INFO] [LIFECYCLE] Event handler registered with core IPlayerPool.
[2026-08-11 01:14:47] [INFO] [RESOURCE] AddRoleResource registered: Key='admin.png', URL='http://gtahub.kntech.co/icons/admin.png', LocalPath='HUB-Core/icons/admin.png', AlreadyLoaded=1
[2026-08-11 01:14:47] [INFO] [RESOURCE] AddRoleResource registered: Key='vip.png', URL='http://gtahub.kntech.co/icons/vip.png', LocalPath='HUB-Core/icons/vip.png', AlreadyLoaded=1
[2026-08-11 01:14:47] [INFO] [RESOURCE] AddRoleResource registered: Key='mod.png', URL='http://gtahub.kntech.co/icons/moderator.png', LocalPath='HUB-Core/icons/mod.png', AlreadyLoaded=1
[2026-08-11 01:14:47] [INFO] [RESOURCE] AddRoleResource registered: Key='helper.png', URL='http://gtahub.kntech.co/icons/helper.png', LocalPath='HUB-Core/icons/helper.png', AlreadyLoaded=1
[2026-08-11 01:14:47] [INFO] [RESOURCE] AddRoleResource registered: Key='dev.png', URL='http://gtahub.kntech.co/icons/dev.png', LocalPath='HUB-Core/icons/dev.png', AlreadyLoaded=1
[2026-08-11 01:14:47] [INFO] [CONFIG] SetRoleGlobalConfig: Distance=25.0m, LOS=1, AutoHideVeh=1, IconSize=32.0x32.0
[2026-08-11 01:14:47] [INFO] [LIFECYCLE] RoleComponent is ready and listening to server player events.
[2026-08-11 01:15:08] [INFO] [PLAYER CONNECT] Player ID 0 connected. Role state initialized.
[2026-08-11 01:15:48] [INFO] [CLEAR ROLE] ClearPlayerRole: ALL slots cleared for targetPlayer=0, toPlayer=-1
[2026-08-11 01:15:48] [INFO] [PLAYER DISCONNECT] Player ID 0 disconnected. Role state cleared.
[2026-08-11 01:15:56] [INFO] [PLAYER CONNECT] Player ID 0 connected. Role state initialized.
[2026-08-11 01:16:10] [INFO] [CLEAR ROLE] ClearPlayerRole: ALL slots cleared for targetPlayer=0, toPlayer=-1
[2026-08-11 01:16:10] [INFO] [PLAYER DISCONNECT] Player ID 0 disconnected. Role state cleared.
[2026-08-11 01:16:26] [INFO] [PLAYER CONNECT] Player ID 0 connected. Role state initialized.
[2026-08-11 01:16:34] [INFO] [SET PRESET] targetPlayer=0, preset=2 ('VIP'), slotID=0, duration=0s, toPlayer=-1
[2026-08-11 01:17:04] [INFO] [CLEAR ROLE] ClearPlayerRole: ALL slots cleared for targetPlayer=0, toPlayer=-1
[2026-08-11 01:17:04] [INFO] [PLAYER DISCONNECT] Player ID 0 disconnected. Role state cleared.
[2026-08-11 01:18:33] [INFO] [LIFECYCLE] RoleComponent component unloading...
[2026-08-11 01:18:34] [INFO] =================================================================
[2026-08-11 01:18:34] [INFO] [LIFECYCLE] RoleComponent plugin loaded into open:mp server.
[2026-08-11 01:18:34] [INFO] =================================================================
[2026-08-11 01:18:34] [INFO] [LIFECYCLE] Event handler registered with core IPlayerPool.
[2026-08-11 01:18:37] [INFO] [RESOURCE] AddRoleResource registered: Key='admin.png', URL='http://gtahub.kntech.co/icons/admin.png', LocalPath='HUB-Core/icons/admin.png', AlreadyLoaded=1
[2026-08-11 01:18:37] [INFO] [RESOURCE] AddRoleResource registered: Key='vip.png', URL='http://gtahub.kntech.co/icons/vip.png', LocalPath='HUB-Core/icons/vip.png', AlreadyLoaded=1
[2026-08-11 01:18:37] [INFO] [RESOURCE] AddRoleResource registered: Key='mod.png', URL='http://gtahub.kntech.co/icons/moderator.png', LocalPath='HUB-Core/icons/mod.png', AlreadyLoaded=1
[2026-08-11 01:18:37] [INFO] [RESOURCE] AddRoleResource registered: Key='helper.png', URL='http://gtahub.kntech.co/icons/helper.png', LocalPath='HUB-Core/icons/helper.png', AlreadyLoaded=1
[2026-08-11 01:18:37] [INFO] [RESOURCE] AddRoleResource registered: Key='dev.png', URL='http://gtahub.kntech.co/icons/dev.png', LocalPath='HUB-Core/icons/dev.png', AlreadyLoaded=1
[2026-08-11 01:18:37] [INFO] [CONFIG] SetRoleGlobalConfig: Distance=25.0m, LOS=1, AutoHideVeh=1, IconSize=32.0x32.0
[2026-08-11 01:18:37] [INFO] [LIFECYCLE] RoleComponent is ready and listening to server player events.
[2026-08-11 01:18:57] [INFO] [PLAYER CONNECT] Player ID 0 connected. Role state initialized.
[2026-08-11 01:19:13] [INFO] [CLEAR ROLE] ClearPlayerRole: ALL slots cleared for targetPlayer=0, toPlayer=-1
[2026-08-11 01:19:13] [INFO] [PLAYER DISCONNECT] Player ID 0 disconnected. Role state cleared.
[2026-08-11 01:19:37] [INFO] [PLAYER CONNECT] Player ID 0 connected. Role state initialized.
[2026-08-11 01:19:46] [INFO] [CLEAR ROLE] ClearPlayerRole: ALL slots cleared for targetPlayer=0, toPlayer=-1
[2026-08-11 01:19:46] [INFO] [PLAYER DISCONNECT] Player ID 0 disconnected. Role state cleared.
[2026-08-11 01:20:35] [INFO] [LIFECYCLE] RoleComponent component unloading...
[2026-08-11 01:20:36] [INFO] =================================================================
[2026-08-11 01:20:36] [INFO] [LIFECYCLE] RoleComponent plugin loaded into open:mp server.
[2026-08-11 01:20:36] [INFO] =================================================================
[2026-08-11 01:20:36] [INFO] [LIFECYCLE] Event handler registered with core IPlayerPool.
[2026-08-11 01:20:39] [INFO] [RESOURCE] AddRoleResource registered: Key='admin.png', URL='http://gtahub.kntech.co/icons/admin.png', LocalPath='HUB-Core/icons/admin.png', AlreadyLoaded=1
[2026-08-11 01:20:39] [INFO] [RESOURCE] AddRoleResource registered: Key='vip.png', URL='http://gtahub.kntech.co/icons/vip.png', LocalPath='HUB-Core/icons/vip.png', AlreadyLoaded=1
[2026-08-11 01:20:39] [INFO] [RESOURCE] AddRoleResource registered: Key='mod.png', URL='http://gtahub.kntech.co/icons/moderator.png', LocalPath='HUB-Core/icons/mod.png', AlreadyLoaded=1
[2026-08-11 01:20:39] [INFO] [RESOURCE] AddRoleResource registered: Key='helper.png', URL='http://gtahub.kntech.co/icons/helper.png', LocalPath='HUB-Core/icons/helper.png', AlreadyLoaded=1
[2026-08-11 01:20:39] [INFO] [RESOURCE] AddRoleResource registered: Key='dev.png', URL='http://gtahub.kntech.co/icons/dev.png', LocalPath='HUB-Core/icons/dev.png', AlreadyLoaded=1
[2026-08-11 01:20:39] [INFO] [CONFIG] SetRoleGlobalConfig: Distance=25.0m, LOS=1, AutoHideVeh=1, IconSize=32.0x32.0
[2026-08-11 01:20:39] [INFO] [LIFECYCLE] RoleComponent is ready and listening to server player events.
[2026-08-11 01:20:57] [INFO] [PLAYER CONNECT] Player ID 0 connected. Role state initialized.
[2026-08-11 01:21:05] [INFO] [SET PRESET] targetPlayer=0, preset=2 ('VIP'), slotID=0, duration=0s, toPlayer=-1
[2026-08-11 01:21:15] [INFO] [CLEAR ROLE] ClearPlayerRole: ALL slots cleared for targetPlayer=0, toPlayer=-1
[2026-08-11 01:21:15] [INFO] [PLAYER DISCONNECT] Player ID 0 disconnected. Role state cleared.
[2026-08-11 01:22:36] [INFO] [LIFECYCLE] RoleComponent component unloading...
[2026-08-11 01:22:37] [INFO] =================================================================
[2026-08-11 01:22:37] [INFO] [LIFECYCLE] RoleComponent plugin loaded into open:mp server.
[2026-08-11 01:22:37] [INFO] =================================================================
[2026-08-11 01:22:37] [INFO] [LIFECYCLE] Event handler registered with core IPlayerPool.
[2026-08-11 01:22:39] [INFO] [RESOURCE] AddRoleResource registered: Key='admin.png', URL='http://gtahub.kntech.co/icons/admin.png', LocalPath='HUB-Core/icons/admin.png', AlreadyLoaded=1
[2026-08-11 01:22:39] [INFO] [RESOURCE] AddRoleResource registered: Key='vip.png', URL='http://gtahub.kntech.co/icons/vip.png', LocalPath='HUB-Core/icons/vip.png', AlreadyLoaded=1
[2026-08-11 01:22:39] [INFO] [RESOURCE] AddRoleResource registered: Key='mod.png', URL='http://gtahub.kntech.co/icons/moderator.png', LocalPath='HUB-Core/icons/mod.png', AlreadyLoaded=1
[2026-08-11 01:22:39] [INFO] [RESOURCE] AddRoleResource registered: Key='helper.png', URL='http://gtahub.kntech.co/icons/helper.png', LocalPath='HUB-Core/icons/helper.png', AlreadyLoaded=1
[2026-08-11 01:22:39] [INFO] [RESOURCE] AddRoleResource registered: Key='dev.png', URL='http://gtahub.kntech.co/icons/dev.png', LocalPath='HUB-Core/icons/dev.png', AlreadyLoaded=1
[2026-08-11 01:22:39] [INFO] [CONFIG] SetRoleGlobalConfig: Distance=25.0m, LOS=1, AutoHideVeh=1, IconSize=32.0x32.0
[2026-08-11 01:22:39] [INFO] [LIFECYCLE] RoleComponent is ready and listening to server player events.
[2026-08-11 01:22:55] [INFO] [PLAYER CONNECT] Player ID 0 connected. Role state initialized.
[2026-08-11 01:23:33] [INFO] [CLEAR ROLE] ClearPlayerRole: ALL slots cleared for targetPlayer=0, toPlayer=-1
[2026-08-11 01:23:33] [INFO] [PLAYER DISCONNECT] Player ID 0 disconnected. Role state cleared.
[2026-08-11 01:24:24] [INFO] [LIFECYCLE] RoleComponent component unloading...
[2026-08-11 01:24:24] [INFO] =================================================================
[2026-08-11 01:24:24] [INFO] [LIFECYCLE] RoleComponent plugin loaded into open:mp server.
[2026-08-11 01:24:24] [INFO] =================================================================
[2026-08-11 01:24:24] [INFO] [LIFECYCLE] Event handler registered with core IPlayerPool.
[2026-08-11 01:24:26] [INFO] [RESOURCE] AddRoleResource registered: Key='admin.png', URL='http://gtahub.kntech.co/icons/admin.png', LocalPath='HUB-Core/icons/admin.png', AlreadyLoaded=1
[2026-08-11 01:24:26] [INFO] [RESOURCE] AddRoleResource registered: Key='vip.png', URL='http://gtahub.kntech.co/icons/vip.png', LocalPath='HUB-Core/icons/vip.png', AlreadyLoaded=1
[2026-08-11 01:24:26] [INFO] [RESOURCE] AddRoleResource registered: Key='mod.png', URL='http://gtahub.kntech.co/icons/moderator.png', LocalPath='HUB-Core/icons/mod.png', AlreadyLoaded=1
[2026-08-11 01:24:26] [INFO] [RESOURCE] AddRoleResource registered: Key='helper.png', URL='http://gtahub.kntech.co/icons/helper.png', LocalPath='HUB-Core/icons/helper.png', AlreadyLoaded=1
[2026-08-11 01:24:26] [INFO] [RESOURCE] AddRoleResource registered: Key='dev.png', URL='http://gtahub.kntech.co/icons/dev.png', LocalPath='HUB-Core/icons/dev.png', AlreadyLoaded=1
[2026-08-11 01:24:26] [INFO] [CONFIG] SetRoleGlobalConfig: Distance=25.0m, LOS=1, AutoHideVeh=1, IconSize=32.0x32.0
[2026-08-11 01:24:26] [INFO] [LIFECYCLE] RoleComponent is ready and listening to server player events.
[2026-08-11 01:24:44] [INFO] [PLAYER CONNECT] Player ID 0 connected. Role state initialized.
[2026-08-11 01:25:09] [INFO] [CLEAR ROLE] ClearPlayerRole: ALL slots cleared for targetPlayer=0, toPlayer=-1
[2026-08-11 01:25:09] [INFO] [PLAYER DISCONNECT] Player ID 0 disconnected. Role state cleared.
[2026-08-11 01:26:15] [INFO] [LIFECYCLE] RoleComponent component unloading...
[2026-08-11 01:26:16] [INFO] =================================================================
[2026-08-11 01:26:16] [INFO] [LIFECYCLE] RoleComponent plugin loaded into open:mp server.
[2026-08-11 01:26:16] [INFO] =================================================================
[2026-08-11 01:26:16] [INFO] [LIFECYCLE] Event handler registered with core IPlayerPool.
[2026-08-11 01:26:19] [INFO] [RESOURCE] AddRoleResource registered: Key='admin.png', URL='http://gtahub.kntech.co/icons/admin.png', LocalPath='HUB-Core/icons/admin.png', AlreadyLoaded=1
[2026-08-11 01:26:19] [INFO] [RESOURCE] AddRoleResource registered: Key='vip.png', URL='http://gtahub.kntech.co/icons/vip.png', LocalPath='HUB-Core/icons/vip.png', AlreadyLoaded=1
[2026-08-11 01:26:19] [INFO] [RESOURCE] AddRoleResource registered: Key='mod.png', URL='http://gtahub.kntech.co/icons/moderator.png', LocalPath='HUB-Core/icons/mod.png', AlreadyLoaded=1
[2026-08-11 01:26:19] [INFO] [RESOURCE] AddRoleResource registered: Key='helper.png', URL='http://gtahub.kntech.co/icons/helper.png', LocalPath='HUB-Core/icons/helper.png', AlreadyLoaded=1
[2026-08-11 01:26:19] [INFO] [RESOURCE] AddRoleResource registered: Key='dev.png', URL='http://gtahub.kntech.co/icons/dev.png', LocalPath='HUB-Core/icons/dev.png', AlreadyLoaded=1
[2026-08-11 01:26:19] [INFO] [CONFIG] SetRoleGlobalConfig: Distance=25.0m, LOS=1, AutoHideVeh=1, IconSize=32.0x32.0
[2026-08-11 01:26:19] [INFO] [LIFECYCLE] RoleComponent is ready and listening to server player events.
[2026-08-11 01:26:36] [INFO] [PLAYER CONNECT] Player ID 0 connected. Role state initialized.
[2026-08-11 01:26:43] [INFO] [SET PRESET] targetPlayer=0, preset=2 ('VIP'), slotID=0, duration=0s, toPlayer=-1
[2026-08-11 01:27:04] [INFO] [CLEAR ROLE] ClearPlayerRole: ALL slots cleared for targetPlayer=0, toPlayer=-1
[2026-08-11 01:27:04] [INFO] [PLAYER DISCONNECT] Player ID 0 disconnected. Role state cleared.
[2026-08-11 01:28:41] [INFO] [LIFECYCLE] RoleComponent component unloading...
[2026-08-11 01:28:41] [INFO] =================================================================
[2026-08-11 01:28:41] [INFO] [LIFECYCLE] RoleComponent plugin loaded into open:mp server.
[2026-08-11 01:28:41] [INFO] =================================================================
[2026-08-11 01:28:41] [INFO] [LIFECYCLE] Event handler registered with core IPlayerPool.
[2026-08-11 01:28:43] [INFO] [RESOURCE] AddRoleResource registered: Key='admin.png', URL='http://gtahub.kntech.co/icons/admin.png', LocalPath='HUB-Core/icons/admin.png', AlreadyLoaded=1
[2026-08-11 01:28:43] [INFO] [RESOURCE] AddRoleResource registered: Key='vip.png', URL='http://gtahub.kntech.co/icons/vip.png', LocalPath='HUB-Core/icons/vip.png', AlreadyLoaded=1
[2026-08-11 01:28:43] [INFO] [RESOURCE] AddRoleResource registered: Key='mod.png', URL='http://gtahub.kntech.co/icons/moderator.png', LocalPath='HUB-Core/icons/mod.png', AlreadyLoaded=1
[2026-08-11 01:28:43] [INFO] [RESOURCE] AddRoleResource registered: Key='helper.png', URL='http://gtahub.kntech.co/icons/helper.png', LocalPath='HUB-Core/icons/helper.png', AlreadyLoaded=1
[2026-08-11 01:28:43] [INFO] [RESOURCE] AddRoleResource registered: Key='dev.png', URL='http://gtahub.kntech.co/icons/dev.png', LocalPath='HUB-Core/icons/dev.png', AlreadyLoaded=1
[2026-08-11 01:28:43] [INFO] [CONFIG] SetRoleGlobalConfig: Distance=25.0m, LOS=1, AutoHideVeh=1, IconSize=32.0x32.0
[2026-08-11 01:28:43] [INFO] [LIFECYCLE] RoleComponent is ready and listening to server player events.
[2026-08-11 01:29:00] [INFO] [PLAYER CONNECT] Player ID 0 connected. Role state initialized.
[2026-08-11 01:29:08] [INFO] [SET PRESET] targetPlayer=0, preset=2 ('VIP'), slotID=0, duration=0s, toPlayer=-1
[2026-08-11 01:29:21] [INFO] [CLEAR ROLE] ClearPlayerRole: ALL slots cleared for targetPlayer=0, toPlayer=-1
[2026-08-11 01:29:21] [INFO] [PLAYER DISCONNECT] Player ID 0 disconnected. Role state cleared.
[2026-08-11 01:31:31] [INFO] [LIFECYCLE] RoleComponent component unloading...
[2026-08-11 01:31:32] [INFO] =================================================================
[2026-08-11 01:31:32] [INFO] [LIFECYCLE] RoleComponent plugin loaded into open:mp server.
[2026-08-11 01:31:32] [INFO] =================================================================
[2026-08-11 01:31:32] [INFO] [LIFECYCLE] Event handler registered with core IPlayerPool.
[2026-08-11 01:31:34] [INFO] [RESOURCE] AddRoleResource registered: Key='admin.png', URL='http://gtahub.kntech.co/icons/admin.png', LocalPath='HUB-Core/icons/admin.png', AlreadyLoaded=1
[2026-08-11 01:31:34] [INFO] [RESOURCE] AddRoleResource registered: Key='vip.png', URL='http://gtahub.kntech.co/icons/vip.png', LocalPath='HUB-Core/icons/vip.png', AlreadyLoaded=1
[2026-08-11 01:31:34] [INFO] [RESOURCE] AddRoleResource registered: Key='mod.png', URL='http://gtahub.kntech.co/icons/moderator.png', LocalPath='HUB-Core/icons/mod.png', AlreadyLoaded=1
[2026-08-11 01:31:34] [INFO] [RESOURCE] AddRoleResource registered: Key='helper.png', URL='http://gtahub.kntech.co/icons/helper.png', LocalPath='HUB-Core/icons/helper.png', AlreadyLoaded=1
[2026-08-11 01:31:34] [INFO] [RESOURCE] AddRoleResource registered: Key='dev.png', URL='http://gtahub.kntech.co/icons/dev.png', LocalPath='HUB-Core/icons/dev.png', AlreadyLoaded=1
[2026-08-11 01:31:34] [INFO] [CONFIG] SetRoleGlobalConfig: Distance=25.0m, LOS=1, AutoHideVeh=1, IconSize=32.0x32.0
[2026-08-11 01:31:34] [INFO] [LIFECYCLE] RoleComponent is ready and listening to server player events.
[2026-08-11 01:31:53] [INFO] [PLAYER CONNECT] Player ID 0 connected. Role state initialized.
[2026-08-11 01:32:10] [INFO] [CLEAR ROLE] ClearPlayerRole: ALL slots cleared for targetPlayer=0, toPlayer=-1
[2026-08-11 01:32:10] [INFO] [PLAYER DISCONNECT] Player ID 0 disconnected. Role state cleared.
[2026-08-11 01:32:36] [INFO] [PLAYER CONNECT] Player ID 0 connected. Role state initialized.
[2026-08-11 01:32:44] [INFO] [SET PRESET] targetPlayer=0, preset=2 ('VIP'), slotID=0, duration=0s, toPlayer=-1
[2026-08-11 01:33:03] [INFO] [CLEAR ROLE] ClearPlayerRole: ALL slots cleared for targetPlayer=0, toPlayer=-1
[2026-08-11 01:33:03] [INFO] [PLAYER DISCONNECT] Player ID 0 disconnected. Role state cleared.
[2026-08-11 01:34:34] [INFO] [LIFECYCLE] RoleComponent component unloading...
[2026-08-11 01:34:35] [INFO] =================================================================
[2026-08-11 01:34:35] [INFO] [LIFECYCLE] RoleComponent plugin loaded into open:mp server.
[2026-08-11 01:34:35] [INFO] =================================================================
[2026-08-11 01:34:35] [INFO] [LIFECYCLE] Event handler registered with core IPlayerPool.
[2026-08-11 01:34:37] [INFO] [RESOURCE] AddRoleResource registered: Key='admin.png', URL='http://gtahub.kntech.co/icons/admin.png', LocalPath='HUB-Core/icons/admin.png', AlreadyLoaded=1
[2026-08-11 01:34:37] [INFO] [RESOURCE] AddRoleResource registered: Key='vip.png', URL='http://gtahub.kntech.co/icons/vip.png', LocalPath='HUB-Core/icons/vip.png', AlreadyLoaded=1
[2026-08-11 01:34:37] [INFO] [RESOURCE] AddRoleResource registered: Key='mod.png', URL='http://gtahub.kntech.co/icons/moderator.png', LocalPath='HUB-Core/icons/mod.png', AlreadyLoaded=1
[2026-08-11 01:34:37] [INFO] [RESOURCE] AddRoleResource registered: Key='helper.png', URL='http://gtahub.kntech.co/icons/helper.png', LocalPath='HUB-Core/icons/helper.png', AlreadyLoaded=1
[2026-08-11 01:34:37] [INFO] [RESOURCE] AddRoleResource registered: Key='dev.png', URL='http://gtahub.kntech.co/icons/dev.png', LocalPath='HUB-Core/icons/dev.png', AlreadyLoaded=1
[2026-08-11 01:34:37] [INFO] [CONFIG] SetRoleGlobalConfig: Distance=25.0m, LOS=1, AutoHideVeh=1, IconSize=32.0x32.0
[2026-08-11 01:34:37] [INFO] [LIFECYCLE] RoleComponent is ready and listening to server player events.
[2026-08-11 01:34:56] [INFO] [PLAYER CONNECT] Player ID 0 connected. Role state initialized.
[2026-08-11 01:35:09] [INFO] [CLEAR ROLE] ClearPlayerRole: ALL slots cleared for targetPlayer=0, toPlayer=-1
[2026-08-11 01:35:09] [INFO] [PLAYER DISCONNECT] Player ID 0 disconnected. Role state cleared.
[2026-08-11 01:35:27] [INFO] [PLAYER CONNECT] Player ID 0 connected. Role state initialized.
[2026-08-11 01:35:57] [INFO] [CLEAR ROLE] ClearPlayerRole: ALL slots cleared for targetPlayer=0, toPlayer=-1
[2026-08-11 01:35:57] [INFO] [PLAYER DISCONNECT] Player ID 0 disconnected. Role state cleared.
[2026-08-11 01:36:52] [INFO] [LIFECYCLE] RoleComponent component unloading...
[2026-08-11 01:36:54] [INFO] =================================================================
[2026-08-11 01:36:54] [INFO] [LIFECYCLE] RoleComponent plugin loaded into open:mp server.
[2026-08-11 01:36:54] [INFO] =================================================================
[2026-08-11 01:36:54] [INFO] [LIFECYCLE] Event handler registered with core IPlayerPool.
[2026-08-11 01:36:56] [INFO] [RESOURCE] AddRoleResource registered: Key='admin.png', URL='http://gtahub.kntech.co/icons/admin.png', LocalPath='HUB-Core/icons/admin.png', AlreadyLoaded=1
[2026-08-11 01:36:56] [INFO] [RESOURCE] AddRoleResource registered: Key='vip.png', URL='http://gtahub.kntech.co/icons/vip.png', LocalPath='HUB-Core/icons/vip.png', AlreadyLoaded=1
[2026-08-11 01:36:56] [INFO] [RESOURCE] AddRoleResource registered: Key='mod.png', URL='http://gtahub.kntech.co/icons/moderator.png', LocalPath='HUB-Core/icons/mod.png', AlreadyLoaded=1
[2026-08-11 01:36:56] [INFO] [RESOURCE] AddRoleResource registered: Key='helper.png', URL='http://gtahub.kntech.co/icons/helper.png', LocalPath='HUB-Core/icons/helper.png', AlreadyLoaded=1
[2026-08-11 01:36:56] [INFO] [RESOURCE] AddRoleResource registered: Key='dev.png', URL='http://gtahub.kntech.co/icons/dev.png', LocalPath='HUB-Core/icons/dev.png', AlreadyLoaded=1
[2026-08-11 01:36:56] [INFO] [CONFIG] SetRoleGlobalConfig: Distance=25.0m, LOS=1, AutoHideVeh=1, IconSize=32.0x32.0
[2026-08-11 01:36:56] [INFO] [LIFECYCLE] RoleComponent is ready and listening to server player events.
[2026-08-11 01:37:17] [INFO] [PLAYER CONNECT] Player ID 0 connected. Role state initialized.
[2026-08-11 01:37:46] [INFO] [CLEAR ROLE] ClearPlayerRole: ALL slots cleared for targetPlayer=0, toPlayer=-1
[2026-08-11 01:37:46] [INFO] [PLAYER DISCONNECT] Player ID 0 disconnected. Role state cleared.
[2026-08-11 01:38:56] [INFO] [LIFECYCLE] RoleComponent component unloading...
[2026-08-11 01:38:56] [INFO] =================================================================
[2026-08-11 01:38:56] [INFO] [LIFECYCLE] RoleComponent plugin loaded into open:mp server.
[2026-08-11 01:38:56] [INFO] =================================================================
[2026-08-11 01:38:56] [INFO] [LIFECYCLE] Event handler registered with core IPlayerPool.
[2026-08-11 01:38:59] [INFO] [RESOURCE] AddRoleResource registered: Key='admin.png', URL='http://gtahub.kntech.co/icons/admin.png', LocalPath='HUB-Core/icons/admin.png', AlreadyLoaded=1
[2026-08-11 01:38:59] [INFO] [RESOURCE] AddRoleResource registered: Key='vip.png', URL='http://gtahub.kntech.co/icons/vip.png', LocalPath='HUB-Core/icons/vip.png', AlreadyLoaded=1
[2026-08-11 01:38:59] [INFO] [RESOURCE] AddRoleResource registered: Key='mod.png', URL='http://gtahub.kntech.co/icons/moderator.png', LocalPath='HUB-Core/icons/mod.png', AlreadyLoaded=1
[2026-08-11 01:38:59] [INFO] [RESOURCE] AddRoleResource registered: Key='helper.png', URL='http://gtahub.kntech.co/icons/helper.png', LocalPath='HUB-Core/icons/helper.png', AlreadyLoaded=1
[2026-08-11 01:38:59] [INFO] [RESOURCE] AddRoleResource registered: Key='dev.png', URL='http://gtahub.kntech.co/icons/dev.png', LocalPath='HUB-Core/icons/dev.png', AlreadyLoaded=1
[2026-08-11 01:38:59] [INFO] [CONFIG] SetRoleGlobalConfig: Distance=25.0m, LOS=1, AutoHideVeh=1, IconSize=32.0x32.0
[2026-08-11 01:38:59] [INFO] [LIFECYCLE] RoleComponent is ready and listening to server player events.
[2026-08-11 01:39:17] [INFO] [PLAYER CONNECT] Player ID 0 connected. Role state initialized.
[2026-08-11 01:39:25] [INFO] [SET PRESET] targetPlayer=0, preset=2 ('VIP'), slotID=0, duration=0s, toPlayer=-1
[2026-08-11 01:39:37] [INFO] [CLEAR ROLE] ClearPlayerRole: ALL slots cleared for targetPlayer=0, toPlayer=-1
[2026-08-11 01:39:37] [INFO] [PLAYER DISCONNECT] Player ID 0 disconnected. Role state cleared.
[2026-08-11 01:40:07] [INFO] [LIFECYCLE] RoleComponent component unloading...
[2026-08-11 01:41:01] [INFO] =================================================================
[2026-08-11 01:41:01] [INFO] [LIFECYCLE] RoleComponent plugin loaded into open:mp server.
[2026-08-11 01:41:01] [INFO] =================================================================
[2026-08-11 01:41:01] [INFO] [LIFECYCLE] Event handler registered with core IPlayerPool.
[2026-08-11 01:41:03] [INFO] [RESOURCE] AddRoleResource registered: Key='admin.png', URL='http://gtahub.kntech.co/icons/admin.png', LocalPath='HUB-Core/icons/admin.png', AlreadyLoaded=1
[2026-08-11 01:41:03] [INFO] [RESOURCE] AddRoleResource registered: Key='vip.png', URL='http://gtahub.kntech.co/icons/vip.png', LocalPath='HUB-Core/icons/vip.png', AlreadyLoaded=1
[2026-08-11 01:41:03] [INFO] [RESOURCE] AddRoleResource registered: Key='mod.png', URL='http://gtahub.kntech.co/icons/moderator.png', LocalPath='HUB-Core/icons/mod.png', AlreadyLoaded=1
[2026-08-11 01:41:03] [INFO] [RESOURCE] AddRoleResource registered: Key='helper.png', URL='http://gtahub.kntech.co/icons/helper.png', LocalPath='HUB-Core/icons/helper.png', AlreadyLoaded=1
[2026-08-11 01:41:03] [INFO] [RESOURCE] AddRoleResource registered: Key='dev.png', URL='http://gtahub.kntech.co/icons/dev.png', LocalPath='HUB-Core/icons/dev.png', AlreadyLoaded=1
[2026-08-11 01:41:03] [INFO] [CONFIG] SetRoleGlobalConfig: Distance=25.0m, LOS=1, AutoHideVeh=1, IconSize=32.0x32.0
[2026-08-11 01:41:03] [INFO] [LIFECYCLE] RoleComponent is ready and listening to server player events.
[2026-08-11 01:41:46] [INFO] [PLAYER CONNECT] Player ID 0 connected. Role state initialized.
[2026-08-11 01:41:54] [INFO] [SET PRESET] targetPlayer=0, preset=2 ('VIP'), slotID=0, duration=0s, toPlayer=-1
[2026-08-11 01:42:22] [INFO] [CLEAR ROLE] ClearPlayerRole: ALL slots cleared for targetPlayer=0, toPlayer=-1
[2026-08-11 01:42:22] [INFO] [PLAYER DISCONNECT] Player ID 0 disconnected. Role state cleared.
[2026-08-11 01:43:44] [INFO] =================================================================
[2026-08-11 01:43:44] [INFO] [LIFECYCLE] RoleComponent plugin loaded into open:mp server.
[2026-08-11 01:43:44] [INFO] =================================================================
[2026-08-11 01:43:44] [INFO] [LIFECYCLE] Event handler registered with core IPlayerPool.
[2026-08-11 01:43:47] [INFO] [RESOURCE] AddRoleResource registered: Key='admin.png', URL='http://gtahub.kntech.co/icons/admin.png', LocalPath='HUB-Core/icons/admin.png', AlreadyLoaded=1
[2026-08-11 01:43:47] [INFO] [RESOURCE] AddRoleResource registered: Key='vip.png', URL='http://gtahub.kntech.co/icons/vip.png', LocalPath='HUB-Core/icons/vip.png', AlreadyLoaded=1
[2026-08-11 01:43:47] [INFO] [RESOURCE] AddRoleResource registered: Key='mod.png', URL='http://gtahub.kntech.co/icons/moderator.png', LocalPath='HUB-Core/icons/mod.png', AlreadyLoaded=1
[2026-08-11 01:43:47] [INFO] [RESOURCE] AddRoleResource registered: Key='helper.png', URL='http://gtahub.kntech.co/icons/helper.png', LocalPath='HUB-Core/icons/helper.png', AlreadyLoaded=1
[2026-08-11 01:43:47] [INFO] [RESOURCE] AddRoleResource registered: Key='dev.png', URL='http://gtahub.kntech.co/icons/dev.png', LocalPath='HUB-Core/icons/dev.png', AlreadyLoaded=1
[2026-08-11 01:43:47] [INFO] [CONFIG] SetRoleGlobalConfig: Distance=25.0m, LOS=1, AutoHideVeh=1, IconSize=32.0x32.0
[2026-08-11 01:43:47] [INFO] [LIFECYCLE] RoleComponent is ready and listening to server player events.
[2026-08-11 01:45:09] [INFO] [PLAYER CONNECT] Player ID 0 connected. Role state initialized.
[2026-08-11 01:45:16] [INFO] [SET PRESET] targetPlayer=0, preset=2 ('VIP'), slotID=0, duration=0s, toPlayer=-1
[2026-08-11 01:45:24] [INFO] [CLEAR ROLE] ClearPlayerRole: ALL slots cleared for targetPlayer=0, toPlayer=-1
[2026-08-11 01:45:24] [INFO] [PLAYER DISCONNECT] Player ID 0 disconnected. Role state cleared.
[2026-08-11 01:52:55] [INFO] [LIFECYCLE] RoleComponent component unloading...
[2026-08-11 01:52:55] [INFO] =================================================================
[2026-08-11 01:52:55] [INFO] [LIFECYCLE] RoleComponent plugin loaded into open:mp server.
[2026-08-11 01:52:55] [INFO] =================================================================
[2026-08-11 01:52:56] [INFO] [LIFECYCLE] Event handler registered with core IPlayerPool.
[2026-08-11 01:52:59] [INFO] [LIFECYCLE] RoleComponent is ready and listening to server player events.
[2026-08-11 01:53:19] [INFO] [PLAYER CONNECT] Player ID 0 connected. Role state initialized.
[2026-08-11 01:53:44] [INFO] [PLAYER DISCONNECT] Player ID 0 disconnected. Role state cleared.
[2026-08-11 01:56:24] [INFO] [LIFECYCLE] RoleComponent component unloading...
[2026-08-11 01:56:25] [INFO] =================================================================
[2026-08-11 01:56:25] [INFO] [LIFECYCLE] RoleComponent plugin loaded into open:mp server.
[2026-08-11 01:56:25] [INFO] =================================================================
[2026-08-11 01:56:25] [INFO] [LIFECYCLE] Event handler registered with core IPlayerPool.
[2026-08-11 01:56:28] [INFO] [LIFECYCLE] RoleComponent is ready and listening to server player events.
[2026-08-11 01:56:51] [INFO] [PLAYER CONNECT] Player ID 0 connected. Role state initialized.
[2026-08-11 01:56:57] [INFO] [PLAYER DISCONNECT] Player ID 0 disconnected. Role state cleared.
[2026-08-11 01:58:20] [INFO] [LIFECYCLE] RoleComponent component unloading...
[2026-08-11 01:58:21] [INFO] =================================================================
[2026-08-11 01:58:21] [INFO] [LIFECYCLE] RoleComponent plugin loaded into open:mp server.
[2026-08-11 01:58:21] [INFO] =================================================================
[2026-08-11 01:58:21] [INFO] [LIFECYCLE] Event handler registered with core IPlayerPool.
[2026-08-11 01:58:23] [INFO] [LIFECYCLE] RoleComponent is ready and listening to server player events.
[2026-08-11 01:58:38] [INFO] [PLAYER CONNECT] Player ID 0 connected. Role state initialized.
[2026-08-11 01:58:42] [INFO] [PLAYER DISCONNECT] Player ID 0 disconnected. Role state cleared.
[2026-08-11 02:01:25] [INFO] [PLAYER CONNECT] Player ID 0 connected. Role state initialized.
[2026-08-11 02:01:29] [INFO] [PLAYER DISCONNECT] Player ID 0 disconnected. Role state cleared.
[2026-08-11 02:01:35] [INFO] [LIFECYCLE] RoleComponent component unloading...
[2026-08-11 02:01:35] [INFO] =================================================================
[2026-08-11 02:01:35] [INFO] [LIFECYCLE] RoleComponent plugin loaded into open:mp server.
[2026-08-11 02:01:35] [INFO] =================================================================
[2026-08-11 02:01:35] [INFO] [LIFECYCLE] Event handler registered with core IPlayerPool.
[2026-08-11 02:01:38] [INFO] [LIFECYCLE] RoleComponent is ready and listening to server player events.
[2026-08-11 02:01:52] [INFO] [PLAYER CONNECT] Player ID 0 connected. Role state initialized.
[2026-08-11 02:02:14] [INFO] [PLAYER DISCONNECT] Player ID 0 disconnected. Role state cleared.
[2026-08-11 02:13:36] [INFO] [PLAYER CONNECT] Player ID 0 connected. Role state initialized.
[2026-08-11 02:13:49] [INFO] [PLAYER DISCONNECT] Player ID 0 disconnected. Role state cleared.
[2026-08-11 02:14:05] [INFO] [LIFECYCLE] RoleComponent component unloading...
[2026-08-11 02:14:06] [INFO] =================================================================
[2026-08-11 02:14:06] [INFO] [LIFECYCLE] RoleComponent plugin loaded into open:mp server.
[2026-08-11 02:14:06] [INFO] =================================================================
[2026-08-11 02:14:06] [INFO] [LIFECYCLE] Event handler registered with core IPlayerPool.
[2026-08-11 02:14:08] [INFO] [LIFECYCLE] RoleComponent is ready and listening to server player events.
[2026-08-11 02:14:21] [INFO] [PLAYER CONNECT] Player ID 0 connected. Role state initialized.
[2026-08-11 02:14:39] [INFO] [PLAYER DISCONNECT] Player ID 0 disconnected. Role state cleared.
[2026-08-12 00:17:51] [INFO] =================================================================
[2026-08-12 00:17:51] [INFO] [LIFECYCLE] RoleComponent plugin loaded into open:mp server.
[2026-08-12 00:17:51] [INFO] =================================================================
[2026-08-12 00:17:51] [INFO] [LIFECYCLE] Event handler registered with core IPlayerPool.
[2026-08-12 00:17:53] [INFO] [LIFECYCLE] RoleComponent is ready and listening to server player events.
[2026-08-12 00:26:29] [INFO] =================================================================
[2026-08-12 00:26:29] [INFO] [LIFECYCLE] RoleComponent plugin loaded into open:mp server.
[2026-08-12 00:26:29] [INFO] =================================================================
[2026-08-12 00:26:29] [INFO] [LIFECYCLE] Event handler registered with core IPlayerPool.
[2026-08-12 00:26:30] [INFO] [LIFECYCLE] RoleComponent is ready and listening to server player events.
[2026-08-15 23:55:23] [INFO] =================================================================
[2026-08-15 23:55:23] [INFO] [LIFECYCLE] RoleComponent plugin loaded into open:mp server.
[2026-08-15 23:55:23] [INFO] =================================================================
[2026-08-15 23:55:23] [INFO] [LIFECYCLE] Event handler registered with core IPlayerPool.
[2026-08-15 23:55:26] [INFO] [LIFECYCLE] RoleComponent is ready and listening to server player events.
[2026-08-15 23:56:45] [INFO] [PLAYER CONNECT] Player ID 0 connected. Role state initialized.
[2026-08-15 23:57:37] [INFO] [PLAYER DISCONNECT] Player ID 0 disconnected. Role state cleared.
[2026-08-16 00:00:11] [INFO] [LIFECYCLE] RoleComponent component unloading...
[2026-08-16 00:00:15] [INFO] =================================================================
[2026-08-16 00:00:15] [INFO] [LIFECYCLE] RoleComponent plugin loaded into open:mp server.
[2026-08-16 00:00:15] [INFO] =================================================================
[2026-08-16 00:00:15] [INFO] [LIFECYCLE] Event handler registered with core IPlayerPool.
[2026-08-16 00:00:17] [INFO] [LIFECYCLE] RoleComponent is ready and listening to server player events.
[2026-08-16 00:00:28] [INFO] [PLAYER CONNECT] Player ID 0 connected. Role state initialized.
[2026-08-16 00:03:05] [INFO] [PLAYER DISCONNECT] Player ID 0 disconnected. Role state cleared.
[2026-08-16 00:14:50] [INFO] [LIFECYCLE] RoleComponent component unloading...
[2026-08-16 00:14:51] [INFO] =================================================================
[2026-08-16 00:14:51] [INFO] [LIFECYCLE] RoleComponent plugin loaded into open:mp server.
[2026-08-16 00:14:51] [INFO] =================================================================
[2026-08-16 00:14:51] [INFO] [LIFECYCLE] Event handler registered with core IPlayerPool.
[2026-08-16 00:14:52] [INFO] [LIFECYCLE] RoleComponent is ready and listening to server player events.
[2026-08-16 00:17:45] [INFO] [LIFECYCLE] RoleComponent component unloading...
[2026-08-16 00:17:46] [INFO] =================================================================
[2026-08-16 00:17:46] [INFO] [LIFECYCLE] RoleComponent plugin loaded into open:mp server.
[2026-08-16 00:17:46] [INFO] =================================================================
[2026-08-16 00:17:46] [INFO] [LIFECYCLE] Event handler registered with core IPlayerPool.
[2026-08-16 00:17:48] [INFO] [LIFECYCLE] RoleComponent is ready and listening to server player events.
[2026-08-16 00:18:06] [INFO] [PLAYER CONNECT] Player ID 0 connected. Role state initialized.
[2026-08-16 00:23:19] [INFO] [PLAYER DISCONNECT] Player ID 0 disconnected. Role state cleared.
[2026-08-16 00:24:16] [INFO] [LIFECYCLE] RoleComponent component unloading...
[2026-08-16 00:25:00] [INFO] =================================================================
[2026-08-16 00:25:00] [INFO] [LIFECYCLE] RoleComponent plugin loaded into open:mp server.
[2026-08-16 00:25:00] [INFO] =================================================================
[2026-08-16 00:25:00] [INFO] [LIFECYCLE] Event handler registered with core IPlayerPool.
[2026-08-16 00:25:02] [INFO] [LIFECYCLE] RoleComponent is ready and listening to server player events.
[2026-08-16 00:25:20] [INFO] [PLAYER CONNECT] Player ID 0 connected. Role state initialized.
[2026-08-16 00:26:02] [INFO] [PLAYER DISCONNECT] Player ID 0 disconnected. Role state cleared.
[2026-08-16 00:29:38] [INFO] [LIFECYCLE] RoleComponent component unloading...
[2026-08-16 00:29:38] [INFO] =================================================================
[2026-08-16 00:29:38] [INFO] [LIFECYCLE] RoleComponent plugin loaded into open:mp server.
[2026-08-16 00:29:38] [INFO] =================================================================
[2026-08-16 00:29:38] [INFO] [LIFECYCLE] Event handler registered with core IPlayerPool.
[2026-08-16 00:29:40] [INFO] [LIFECYCLE] RoleComponent is ready and listening to server player events.
[2026-08-16 00:30:52] [INFO] [PLAYER CONNECT] Player ID 0 connected. Role state initialized.
[2026-08-16 00:31:29] [INFO] [PLAYER DISCONNECT] Player ID 0 disconnected. Role state cleared.
[2026-08-16 00:38:29] [INFO] [LIFECYCLE] RoleComponent component unloading...
[2026-08-16 00:38:29] [INFO] =================================================================
[2026-08-16 00:38:29] [INFO] [LIFECYCLE] RoleComponent plugin loaded into open:mp server.
[2026-08-16 00:38:29] [INFO] =================================================================
[2026-08-16 00:38:29] [INFO] [LIFECYCLE] Event handler registered with core IPlayerPool.
[2026-08-16 00:38:31] [INFO] [LIFECYCLE] RoleComponent is ready and listening to server player events.
[2026-08-16 00:38:56] [INFO] [PLAYER CONNECT] Player ID 0 connected. Role state initialized.
[2026-08-16 00:39:19] [INFO] [PLAYER DISCONNECT] Player ID 0 disconnected. Role state cleared.
[2026-08-16 00:40:48] [INFO] [LIFECYCLE] RoleComponent component unloading...
[2026-08-16 00:40:50] [INFO] =================================================================
[2026-08-16 00:40:50] [INFO] [LIFECYCLE] RoleComponent plugin loaded into open:mp server.
[2026-08-16 00:40:50] [INFO] =================================================================
[2026-08-16 00:40:50] [INFO] [LIFECYCLE] Event handler registered with core IPlayerPool.
[2026-08-16 00:40:51] [INFO] [LIFECYCLE] RoleComponent is ready and listening to server player events.
[2026-08-16 00:41:07] [INFO] [PLAYER CONNECT] Player ID 0 connected. Role state initialized.
[2026-08-16 00:41:20] [INFO] [PLAYER DISCONNECT] Player ID 0 disconnected. Role state cleared.
[2026-08-16 00:42:37] [INFO] [LIFECYCLE] RoleComponent component unloading...
[2026-08-16 00:42:37] [INFO] =================================================================
[2026-08-16 00:42:37] [INFO] [LIFECYCLE] RoleComponent plugin loaded into open:mp server.
[2026-08-16 00:42:37] [INFO] =================================================================
[2026-08-16 00:42:38] [INFO] [LIFECYCLE] Event handler registered with core IPlayerPool.
[2026-08-16 00:42:39] [INFO] [LIFECYCLE] RoleComponent is ready and listening to server player events.
[2026-08-16 00:43:38] [INFO] [PLAYER CONNECT] Player ID 0 connected. Role state initialized.
[2026-08-16 00:44:17] [INFO] [PLAYER DISCONNECT] Player ID 0 disconnected. Role state cleared.
[2026-08-16 00:44:33] [INFO] [LIFECYCLE] RoleComponent component unloading...
[2026-08-16 00:44:35] [INFO] =================================================================
[2026-08-16 00:44:35] [INFO] [LIFECYCLE] RoleComponent plugin loaded into open:mp server.
[2026-08-16 00:44:35] [INFO] =================================================================
[2026-08-16 00:44:35] [INFO] [LIFECYCLE] Event handler registered with core IPlayerPool.
[2026-08-16 00:44:37] [INFO] [LIFECYCLE] RoleComponent is ready and listening to server player events.
[2026-08-16 00:44:50] [INFO] [PLAYER CONNECT] Player ID 0 connected. Role state initialized.
[2026-08-16 00:45:03] [INFO] [PLAYER DISCONNECT] Player ID 0 disconnected. Role state cleared.
[2026-08-16 00:48:16] [INFO] [LIFECYCLE] RoleComponent component unloading...
[2026-08-16 00:48:17] [INFO] =================================================================
[2026-08-16 00:48:17] [INFO] [LIFECYCLE] RoleComponent plugin loaded into open:mp server.
[2026-08-16 00:48:17] [INFO] =================================================================
[2026-08-16 00:48:17] [INFO] [LIFECYCLE] Event handler registered with core IPlayerPool.
[2026-08-16 00:48:19] [INFO] [LIFECYCLE] RoleComponent is ready and listening to server player events.
[2026-08-16 00:48:44] [INFO] [PLAYER CONNECT] Player ID 0 connected. Role state initialized.
[2026-08-16 00:48:52] [INFO] [PLAYER DISCONNECT] Player ID 0 disconnected. Role state cleared.
[2026-08-16 01:19:42] [INFO] =================================================================
[2026-08-16 01:19:42] [INFO] [LIFECYCLE] RoleComponent plugin loaded into open:mp server.
[2026-08-16 01:19:42] [INFO] =================================================================
[2026-08-16 01:19:42] [INFO] [LIFECYCLE] Event handler registered with core IPlayerPool.
[2026-08-16 01:19:44] [INFO] [LIFECYCLE] RoleComponent is ready and listening to server player events.
[2026-08-16 01:23:41] [INFO] =================================================================
[2026-08-16 01:23:41] [INFO] [LIFECYCLE] RoleComponent plugin loaded into open:mp server.
[2026-08-16 01:23:41] [INFO] =================================================================
[2026-08-16 01:23:41] [INFO] [LIFECYCLE] Event handler registered with core IPlayerPool.
[2026-08-16 01:23:42] [INFO] [LIFECYCLE] RoleComponent is ready and listening to server player events.
[2026-08-16 01:23:57] [INFO] [PLAYER CONNECT] Player ID 0 connected. Role state initialized.
[2026-08-16 01:24:16] [INFO] [PLAYER DISCONNECT] Player ID 0 disconnected. Role state cleared.
[2026-08-16 14:05:24] [INFO] =================================================================
[2026-08-16 14:05:24] [INFO] [LIFECYCLE] RoleComponent plugin loaded into open:mp server.
[2026-08-16 14:05:24] [INFO] =================================================================
[2026-08-16 14:05:24] [INFO] [LIFECYCLE] Event handler registered with core IPlayerPool.
[2026-08-16 14:05:26] [INFO] [LIFECYCLE] RoleComponent is ready and listening to server player events.
[2026-08-16 14:05:55] [INFO] [PLAYER CONNECT] Player ID 0 connected. Role state initialized.
[2026-08-16 14:06:12] [INFO] [PLAYER DISCONNECT] Player ID 0 disconnected. Role state cleared.
[2026-08-16 14:06:25] [INFO] [PLAYER CONNECT] Player ID 0 connected. Role state initialized.
[2026-08-16 14:06:42] [INFO] [PLAYER DISCONNECT] Player ID 0 disconnected. Role state cleared.
[2026-08-16 14:06:54] [INFO] [PLAYER CONNECT] Player ID 0 connected. Role state initialized.
[2026-08-16 14:07:00] [INFO] [PLAYER DISCONNECT] Player ID 0 disconnected. Role state cleared.
[2026-08-16 14:14:41] [INFO] [LIFECYCLE] RoleComponent component unloading...
[2026-08-16 14:14:42] [INFO] =================================================================
[2026-08-16 14:14:42] [INFO] [LIFECYCLE] RoleComponent plugin loaded into open:mp server.
[2026-08-16 14:14:42] [INFO] =================================================================
[2026-08-16 14:14:42] [INFO] [LIFECYCLE] Event handler registered with core IPlayerPool.
[2026-08-16 14:14:44] [INFO] [LIFECYCLE] RoleComponent is ready and listening to server player events.
[2026-08-16 14:20:40] [INFO] [PLAYER CONNECT] Player ID 0 connected. Role state initialized.
[2026-08-16 14:20:57] [INFO] [PLAYER DISCONNECT] Player ID 0 disconnected. Role state cleared.
[2026-08-16 14:24:20] [INFO] [LIFECYCLE] RoleComponent component unloading...
[2026-08-16 14:24:21] [INFO] =================================================================
[2026-08-16 14:24:21] [INFO] [LIFECYCLE] RoleComponent plugin loaded into open:mp server.
[2026-08-16 14:24:21] [INFO] =================================================================
[2026-08-16 14:24:21] [INFO] [LIFECYCLE] Event handler registered with core IPlayerPool.
[2026-08-16 14:24:23] [INFO] [LIFECYCLE] RoleComponent is ready and listening to server player events.
[2026-08-16 14:24:35] [INFO] [PLAYER CONNECT] Player ID 0 connected. Role state initialized.
[2026-08-16 14:25:18] [INFO] [PLAYER DISCONNECT] Player ID 0 disconnected. Role state cleared.
[2026-08-16 14:25:21] [INFO] [LIFECYCLE] RoleComponent component unloading...
[2026-08-16 14:33:23] [INFO] =================================================================
[2026-08-16 14:33:23] [INFO] [LIFECYCLE] RoleComponent plugin loaded into open:mp server.
[2026-08-16 14:33:23] [INFO] =================================================================
[2026-08-16 14:33:23] [INFO] [LIFECYCLE] Event handler registered with core IPlayerPool.
[2026-08-16 14:33:25] [INFO] [LIFECYCLE] RoleComponent is ready and listening to server player events.
[2026-08-16 14:33:48] [INFO] [PLAYER CONNECT] Player ID 0 connected. Role state initialized.
[2026-08-16 14:36:55] [INFO] [PLAYER DISCONNECT] Player ID 0 disconnected. Role state cleared.
[2026-08-16 14:39:57] [INFO] [LIFECYCLE] RoleComponent component unloading...
[2026-08-16 14:39:58] [INFO] =================================================================
[2026-08-16 14:39:58] [INFO] [LIFECYCLE] RoleComponent plugin loaded into open:mp server.
[2026-08-16 14:39:58] [INFO] =================================================================
[2026-08-16 14:39:58] [INFO] [LIFECYCLE] Event handler registered with core IPlayerPool.
[2026-08-16 14:39:59] [INFO] [LIFECYCLE] RoleComponent is ready and listening to server player events.
[2026-08-16 14:40:15] [INFO] [PLAYER CONNECT] Player ID 0 connected. Role state initialized.
[2026-08-16 14:42:57] [INFO] [PLAYER DISCONNECT] Player ID 0 disconnected. Role state cleared.
[2026-08-16 14:43:59] [INFO] [PLAYER CONNECT] Player ID 0 connected. Role state initialized.
[2026-08-16 14:44:03] [INFO] [PLAYER DISCONNECT] Player ID 0 disconnected. Role state cleared.
[2026-08-16 15:58:41] [INFO] =================================================================
[2026-08-16 15:58:41] [INFO] [LIFECYCLE] RoleComponent plugin loaded into open:mp server.
[2026-08-16 15:58:41] [INFO] =================================================================
[2026-08-16 15:58:41] [INFO] [LIFECYCLE] Event handler registered with core IPlayerPool.
[2026-08-16 15:58:42] [INFO] [CONFIG] SetRoleGlobalConfig: Distance=25.0m, LOS=1, AutoHideVeh=1, IconSize=32.0x32.0
[2026-08-16 15:58:42] [INFO] [RESOURCE] AddRoleResource registered: Key='admin.png', URL='http://gtahub.kntech.co/icons/admin.png', LocalPath='HUB-Core/icons/admin.png', AlreadyLoaded=1
[2026-08-16 15:58:42] [INFO] [RESOURCE] AddRoleResource registered: Key='vip.png', URL='http://gtahub.kntech.co/icons/vip.png', LocalPath='HUB-Core/icons/vip.png', AlreadyLoaded=1
[2026-08-16 15:58:42] [INFO] [RESOURCE] AddRoleResource registered: Key='mod.png', URL='http://gtahub.kntech.co/icons/moderator.png', LocalPath='HUB-Core/icons/mod.png', AlreadyLoaded=1
[2026-08-16 15:58:42] [INFO] [RESOURCE] AddRoleResource registered: Key='helper.png', URL='http://gtahub.kntech.co/icons/helper.png', LocalPath='HUB-Core/icons/helper.png', AlreadyLoaded=1
[2026-08-16 15:58:42] [INFO] [RESOURCE] AddRoleResource registered: Key='dev.png', URL='http://gtahub.kntech.co/icons/dev.png', LocalPath='HUB-Core/icons/dev.png', AlreadyLoaded=1
[2026-08-16 15:58:42] [INFO] [CONFIG] SetRoleGlobalConfig: Distance=25.0m, LOS=1, AutoHideVeh=1, IconSize=32.0x32.0
[2026-08-16 15:58:42] [INFO] [LIFECYCLE] RoleComponent is ready and listening to server player events.
[2026-08-16 16:00:48] [INFO] [LIFECYCLE] RoleComponent component unloading...
[2026-08-16 16:00:49] [INFO] =================================================================
[2026-08-16 16:00:49] [INFO] [LIFECYCLE] RoleComponent plugin loaded into open:mp server.
[2026-08-16 16:00:49] [INFO] =================================================================
[2026-08-16 16:00:49] [INFO] [LIFECYCLE] Event handler registered with core IPlayerPool.
[2026-08-16 16:00:52] [INFO] [CONFIG] SetRoleGlobalConfig: Distance=25.0m, LOS=1, AutoHideVeh=1, IconSize=32.0x32.0
[2026-08-16 16:00:52] [INFO] [RESOURCE] AddRoleResource registered: Key='admin.png', URL='http://gtahub.kntech.co/icons/admin.png', LocalPath='HUB-Core/icons/admin.png', AlreadyLoaded=1
[2026-08-16 16:00:52] [INFO] [RESOURCE] AddRoleResource registered: Key='vip.png', URL='http://gtahub.kntech.co/icons/vip.png', LocalPath='HUB-Core/icons/vip.png', AlreadyLoaded=1
[2026-08-16 16:00:52] [INFO] [RESOURCE] AddRoleResource registered: Key='mod.png', URL='http://gtahub.kntech.co/icons/moderator.png', LocalPath='HUB-Core/icons/mod.png', AlreadyLoaded=1
[2026-08-16 16:00:52] [INFO] [RESOURCE] AddRoleResource registered: Key='helper.png', URL='http://gtahub.kntech.co/icons/helper.png', LocalPath='HUB-Core/icons/helper.png', AlreadyLoaded=1
[2026-08-16 16:00:52] [INFO] [RESOURCE] AddRoleResource registered: Key='dev.png', URL='http://gtahub.kntech.co/icons/dev.png', LocalPath='HUB-Core/icons/dev.png', AlreadyLoaded=1
[2026-08-16 16:00:52] [INFO] [CONFIG] SetRoleGlobalConfig: Distance=25.0m, LOS=1, AutoHideVeh=1, IconSize=32.0x32.0
[2026-08-16 16:00:52] [INFO] [LIFECYCLE] RoleComponent is ready and listening to server player events.
[2026-08-16 16:01:27] [INFO] [PLAYER CONNECT] Player ID 0 connected. Role state initialized.
[2026-08-16 16:01:38] [INFO] [CLEAR ROLE] ClearPlayerRole: ALL slots cleared for targetPlayer=0, toPlayer=-1
[2026-08-16 16:01:38] [INFO] [PLAYER DISCONNECT] Player ID 0 disconnected. Role state cleared.
[2026-08-16 16:01:57] [INFO] [PLAYER CONNECT] Player ID 0 connected. Role state initialized.
[2026-08-16 16:02:11] [INFO] [SET PRESET] targetPlayer=0, preset=2 ('VIP'), slotID=0, duration=0s, toPlayer=-1
[2026-08-16 16:02:11] [INFO] [SET PRESET] targetPlayer=0, preset=2 ('VIP'), slotID=0, duration=0s, toPlayer=-1
[2026-08-16 16:02:21] [INFO] [CLEAR ROLE] ClearPlayerRole: ALL slots cleared for targetPlayer=0, toPlayer=-1
[2026-08-16 16:02:21] [INFO] [PLAYER DISCONNECT] Player ID 0 disconnected. Role state cleared.
[2026-08-16 16:05:20] [INFO] [PLAYER CONNECT] Player ID 0 connected. Role state initialized.
[2026-08-16 16:05:31] [INFO] [SET PRESET] targetPlayer=0, preset=2 ('VIP'), slotID=0, duration=0s, toPlayer=-1
[2026-08-16 16:05:32] [INFO] [SET PRESET] targetPlayer=0, preset=2 ('VIP'), slotID=0, duration=0s, toPlayer=-1
[2026-08-16 16:05:56] [INFO] [CLEAR ROLE] ClearPlayerRole: ALL slots cleared for targetPlayer=0, toPlayer=-1
[2026-08-16 16:05:56] [INFO] [PLAYER DISCONNECT] Player ID 0 disconnected. Role state cleared.
[2026-08-16 16:10:10] [INFO] [LIFECYCLE] RoleComponent component unloading...
[2026-08-16 16:10:11] [INFO] =================================================================
[2026-08-16 16:10:11] [INFO] [LIFECYCLE] RoleComponent plugin loaded into open:mp server.
[2026-08-16 16:10:11] [INFO] =================================================================
[2026-08-16 16:10:11] [INFO] [LIFECYCLE] Event handler registered with core IPlayerPool.
[2026-08-16 16:10:12] [INFO] [CONFIG] SetRoleGlobalConfig: Distance=25.0m, LOS=1, AutoHideVeh=1, IconSize=32.0x32.0
[2026-08-16 16:10:12] [INFO] [RESOURCE] AddRoleResource registered: Key='admin.png', URL='http://gtahub.kntech.co/icons/admin.png', LocalPath='HUB-Core/icons/admin.png', AlreadyLoaded=1
[2026-08-16 16:10:12] [INFO] [RESOURCE] AddRoleResource registered: Key='vip.png', URL='http://gtahub.kntech.co/icons/vip.png', LocalPath='HUB-Core/icons/vip.png', AlreadyLoaded=1
[2026-08-16 16:10:12] [INFO] [RESOURCE] AddRoleResource registered: Key='mod.png', URL='http://gtahub.kntech.co/icons/moderator.png', LocalPath='HUB-Core/icons/mod.png', AlreadyLoaded=1
[2026-08-16 16:10:12] [INFO] [RESOURCE] AddRoleResource registered: Key='helper.png', URL='http://gtahub.kntech.co/icons/helper.png', LocalPath='HUB-Core/icons/helper.png', AlreadyLoaded=1
[2026-08-16 16:10:12] [INFO] [RESOURCE] AddRoleResource registered: Key='dev.png', URL='http://gtahub.kntech.co/icons/dev.png', LocalPath='HUB-Core/icons/dev.png', AlreadyLoaded=1
[2026-08-16 16:10:12] [INFO] [CONFIG] SetRoleGlobalConfig: Distance=25.0m, LOS=1, AutoHideVeh=1, IconSize=32.0x32.0
[2026-08-16 16:10:12] [INFO] [LIFECYCLE] RoleComponent is ready and listening to server player events.
[2026-08-16 16:10:27] [INFO] [PLAYER CONNECT] Player ID 0 connected. Role state initialized.
[2026-08-16 16:10:37] [INFO] [SET PRESET] targetPlayer=0, preset=2 ('VIP'), slotID=0, duration=0s, toPlayer=-1
[2026-08-16 16:10:37] [INFO] [SET PRESET] targetPlayer=0, preset=2 ('VIP'), slotID=0, duration=0s, toPlayer=-1
[2026-08-16 16:13:33] [INFO] [LIFECYCLE] RoleComponent component unloading...
[2026-08-16 16:13:34] [INFO] =================================================================
[2026-08-16 16:13:34] [INFO] [LIFECYCLE] RoleComponent plugin loaded into open:mp server.
[2026-08-16 16:13:34] [INFO] =================================================================
[2026-08-16 16:13:34] [INFO] [LIFECYCLE] Event handler registered with core IPlayerPool.
[2026-08-16 16:13:36] [INFO] [CONFIG] SetRoleGlobalConfig: Distance=25.0m, LOS=1, AutoHideVeh=1, IconSize=32.0x32.0
[2026-08-16 16:13:36] [INFO] [RESOURCE] AddRoleResource registered: Key='admin.png', URL='http://gtahub.kntech.co/icons/admin.png', LocalPath='HUB-Core/icons/admin.png', AlreadyLoaded=1
[2026-08-16 16:13:36] [INFO] [RESOURCE] AddRoleResource registered: Key='vip.png', URL='http://gtahub.kntech.co/icons/vip.png', LocalPath='HUB-Core/icons/vip.png', AlreadyLoaded=1
[2026-08-16 16:13:36] [INFO] [RESOURCE] AddRoleResource registered: Key='mod.png', URL='http://gtahub.kntech.co/icons/moderator.png', LocalPath='HUB-Core/icons/mod.png', AlreadyLoaded=1
[2026-08-16 16:13:36] [INFO] [RESOURCE] AddRoleResource registered: Key='helper.png', URL='http://gtahub.kntech.co/icons/helper.png', LocalPath='HUB-Core/icons/helper.png', AlreadyLoaded=1
[2026-08-16 16:13:36] [INFO] [RESOURCE] AddRoleResource registered: Key='dev.png', URL='http://gtahub.kntech.co/icons/dev.png', LocalPath='HUB-Core/icons/dev.png', AlreadyLoaded=1
[2026-08-16 16:13:36] [INFO] [CONFIG] SetRoleGlobalConfig: Distance=25.0m, LOS=1, AutoHideVeh=1, IconSize=32.0x32.0
[2026-08-16 16:13:36] [INFO] [LIFECYCLE] RoleComponent is ready and listening to server player events.
[2026-08-16 16:13:55] [INFO] [PLAYER CONNECT] Player ID 0 connected. Role state initialized.
[2026-08-16 16:14:29] [INFO] [SET PRESET] targetPlayer=0, preset=2 ('VIP'), slotID=0, duration=0s, toPlayer=-1
[2026-08-16 16:14:29] [INFO] [SET PRESET] targetPlayer=0, preset=2 ('VIP'), slotID=0, duration=0s, toPlayer=-1
[2026-08-16 16:14:54] [INFO] [CLEAR ROLE] ClearPlayerRole: ALL slots cleared for targetPlayer=0, toPlayer=-1
[2026-08-16 16:14:54] [INFO] [PLAYER DISCONNECT] Player ID 0 disconnected. Role state cleared.
[2026-08-16 16:21:49] [INFO] [LIFECYCLE] RoleComponent component unloading...
[2026-08-16 16:21:50] [INFO] =================================================================
[2026-08-16 16:21:50] [INFO] [LIFECYCLE] RoleComponent plugin loaded into open:mp server.
[2026-08-16 16:21:50] [INFO] =================================================================
[2026-08-16 16:21:50] [INFO] [LIFECYCLE] Event handler registered with core IPlayerPool.
[2026-08-16 16:21:52] [INFO] [CONFIG] SetRoleGlobalConfig: Distance=25.0m, LOS=1, AutoHideVeh=1, IconSize=32.0x32.0
[2026-08-16 16:21:52] [INFO] [RESOURCE] AddRoleResource registered: Key='admin.png', URL='http://gtahub.kntech.co/icons/admin.png', LocalPath='HUB-Core/icons/admin.png', AlreadyLoaded=1
[2026-08-16 16:21:52] [INFO] [RESOURCE] AddRoleResource registered: Key='vip.png', URL='http://gtahub.kntech.co/icons/vip.png', LocalPath='HUB-Core/icons/vip.png', AlreadyLoaded=1
[2026-08-16 16:21:52] [INFO] [RESOURCE] AddRoleResource registered: Key='mod.png', URL='http://gtahub.kntech.co/icons/moderator.png', LocalPath='HUB-Core/icons/mod.png', AlreadyLoaded=1
[2026-08-16 16:21:52] [INFO] [RESOURCE] AddRoleResource registered: Key='helper.png', URL='http://gtahub.kntech.co/icons/helper.png', LocalPath='HUB-Core/icons/helper.png', AlreadyLoaded=1
[2026-08-16 16:21:52] [INFO] [RESOURCE] AddRoleResource registered: Key='dev.png', URL='http://gtahub.kntech.co/icons/dev.png', LocalPath='HUB-Core/icons/dev.png', AlreadyLoaded=1
[2026-08-16 16:21:52] [INFO] [CONFIG] SetRoleGlobalConfig: Distance=25.0m, LOS=1, AutoHideVeh=1, IconSize=32.0x32.0
[2026-08-16 16:21:52] [INFO] [LIFECYCLE] RoleComponent is ready and listening to server player events.
[2026-08-16 16:22:12] [INFO] [PLAYER CONNECT] Player ID 0 connected. Role state initialized.
[2026-08-16 16:22:32] [INFO] [CLEAR ROLE] ClearPlayerRole: ALL slots cleared for targetPlayer=0, toPlayer=-1
[2026-08-16 16:22:32] [INFO] [PLAYER DISCONNECT] Player ID 0 disconnected. Role state cleared.
[2026-08-16 16:22:50] [INFO] [PLAYER CONNECT] Player ID 0 connected. Role state initialized.
[2026-08-16 16:22:59] [INFO] [SET PRESET] targetPlayer=0, preset=2 ('VIP'), slotID=0, duration=0s, toPlayer=-1
[2026-08-16 16:22:59] [INFO] [SET PRESET] targetPlayer=0, preset=2 ('VIP'), slotID=0, duration=0s, toPlayer=-1
[2026-08-16 16:24:00] [INFO] [LIFECYCLE] RoleComponent component unloading...
[2026-08-16 16:27:37] [INFO] =================================================================
[2026-08-16 16:27:37] [INFO] [LIFECYCLE] RoleComponent plugin loaded into open:mp server.
[2026-08-16 16:27:37] [INFO] =================================================================
[2026-08-16 16:27:37] [INFO] [LIFECYCLE] Event handler registered with core IPlayerPool.
[2026-08-16 16:27:38] [INFO] [CONFIG] SetRoleGlobalConfig: Distance=25.0m, LOS=1, AutoHideVeh=1, IconSize=32.0x32.0
[2026-08-16 16:27:38] [INFO] [RESOURCE] AddRoleResource registered: Key='admin.png', URL='http://gtahub.kntech.co/icons/admin.png', LocalPath='HUB-Core/icons/admin.png', AlreadyLoaded=1
[2026-08-16 16:27:38] [INFO] [RESOURCE] AddRoleResource registered: Key='vip.png', URL='http://gtahub.kntech.co/icons/vip.png', LocalPath='HUB-Core/icons/vip.png', AlreadyLoaded=1
[2026-08-16 16:27:38] [INFO] [RESOURCE] AddRoleResource registered: Key='mod.png', URL='http://gtahub.kntech.co/icons/moderator.png', LocalPath='HUB-Core/icons/mod.png', AlreadyLoaded=1
[2026-08-16 16:27:38] [INFO] [RESOURCE] AddRoleResource registered: Key='helper.png', URL='http://gtahub.kntech.co/icons/helper.png', LocalPath='HUB-Core/icons/helper.png', AlreadyLoaded=1
[2026-08-16 16:27:38] [INFO] [RESOURCE] AddRoleResource registered: Key='dev.png', URL='http://gtahub.kntech.co/icons/dev.png', LocalPath='HUB-Core/icons/dev.png', AlreadyLoaded=1
[2026-08-16 16:27:38] [INFO] [CONFIG] SetRoleGlobalConfig: Distance=25.0m, LOS=1, AutoHideVeh=1, IconSize=32.0x32.0
[2026-08-16 16:27:38] [INFO] [LIFECYCLE] RoleComponent is ready and listening to server player events.
[2026-08-16 16:27:51] [INFO] [PLAYER CONNECT] Player ID 0 connected. Role state initialized.
[2026-08-16 16:28:04] [INFO] [SET PRESET] targetPlayer=0, preset=2 ('VIP'), slotID=0, duration=0s, toPlayer=-1
[2026-08-16 16:28:04] [INFO] [SET PRESET] targetPlayer=0, preset=2 ('VIP'), slotID=0, duration=0s, toPlayer=-1
[2026-08-16 16:28:12] [INFO] [SET PRESET] targetPlayer=0, preset=2 ('VIP'), slotID=0, duration=0s, toPlayer=-1
[2026-08-16 16:28:19] [INFO] [SET PRESET] targetPlayer=0, preset=2 ('VIP'), slotID=0, duration=0s, toPlayer=-1
[2026-08-16 16:30:01] [INFO] [CLEAR ROLE] ClearPlayerRole: ALL slots cleared for targetPlayer=0, toPlayer=-1
[2026-08-16 16:30:01] [INFO] [PLAYER DISCONNECT] Player ID 0 disconnected. Role state cleared.
[2026-08-16 23:33:44] [INFO] =================================================================
[2026-08-16 23:33:44] [INFO] [LIFECYCLE] RoleComponent plugin loaded into open:mp server.
[2026-08-16 23:33:44] [INFO] =================================================================
[2026-08-16 23:33:44] [INFO] [LIFECYCLE] Event handler registered with core IPlayerPool.
[2026-08-16 23:33:47] [INFO] [CONFIG] SetRoleGlobalConfig: Distance=25.0m, LOS=1, AutoHideVeh=1, IconSize=32.0x32.0
[2026-08-16 23:33:47] [INFO] [RESOURCE] AddRoleResource registered: Key='admin.png', URL='http://gtahub.kntech.co/icons/admin.png', LocalPath='HUB-Core/icons/admin.png', AlreadyLoaded=1
[2026-08-16 23:33:47] [INFO] [RESOURCE] AddRoleResource registered: Key='vip.png', URL='http://gtahub.kntech.co/icons/vip.png', LocalPath='HUB-Core/icons/vip.png', AlreadyLoaded=1
[2026-08-16 23:33:47] [INFO] [RESOURCE] AddRoleResource registered: Key='mod.png', URL='http://gtahub.kntech.co/icons/moderator.png', LocalPath='HUB-Core/icons/mod.png', AlreadyLoaded=1
[2026-08-16 23:33:47] [INFO] [RESOURCE] AddRoleResource registered: Key='helper.png', URL='http://gtahub.kntech.co/icons/helper.png', LocalPath='HUB-Core/icons/helper.png', AlreadyLoaded=1
[2026-08-16 23:33:47] [INFO] [RESOURCE] AddRoleResource registered: Key='dev.png', URL='http://gtahub.kntech.co/icons/dev.png', LocalPath='HUB-Core/icons/dev.png', AlreadyLoaded=1
[2026-08-16 23:33:47] [INFO] [CONFIG] SetRoleGlobalConfig: Distance=25.0m, LOS=1, AutoHideVeh=1, IconSize=32.0x32.0
[2026-08-16 23:33:47] [INFO] [LIFECYCLE] RoleComponent is ready and listening to server player events.
[2026-08-16 23:39:31] [INFO] =================================================================
[2026-08-16 23:39:31] [INFO] [LIFECYCLE] RoleComponent plugin loaded into open:mp server.
[2026-08-16 23:39:31] [INFO] =================================================================
[2026-08-16 23:39:31] [INFO] [LIFECYCLE] Event handler registered with core IPlayerPool.
[2026-08-16 23:39:36] [INFO] [CONFIG] SetRoleGlobalConfig: Distance=25.0m, LOS=1, AutoHideVeh=1, IconSize=32.0x32.0
[2026-08-16 23:39:36] [INFO] [RESOURCE] AddRoleResource registered: Key='admin.png', URL='http://gtahub.kntech.co/icons/admin.png', LocalPath='HUB-Core/icons/admin.png', AlreadyLoaded=1
[2026-08-16 23:39:36] [INFO] [RESOURCE] AddRoleResource registered: Key='vip.png', URL='http://gtahub.kntech.co/icons/vip.png', LocalPath='HUB-Core/icons/vip.png', AlreadyLoaded=1
[2026-08-16 23:39:36] [INFO] [RESOURCE] AddRoleResource registered: Key='mod.png', URL='http://gtahub.kntech.co/icons/moderator.png', LocalPath='HUB-Core/icons/mod.png', AlreadyLoaded=1
[2026-08-16 23:39:36] [INFO] [RESOURCE] AddRoleResource registered: Key='helper.png', URL='http://gtahub.kntech.co/icons/helper.png', LocalPath='HUB-Core/icons/helper.png', AlreadyLoaded=1
[2026-08-16 23:39:36] [INFO] [RESOURCE] AddRoleResource registered: Key='dev.png', URL='http://gtahub.kntech.co/icons/dev.png', LocalPath='HUB-Core/icons/dev.png', AlreadyLoaded=1
[2026-08-16 23:39:36] [INFO] [CONFIG] SetRoleGlobalConfig: Distance=25.0m, LOS=1, AutoHideVeh=1, IconSize=32.0x32.0
[2026-08-16 23:39:36] [INFO] [LIFECYCLE] RoleComponent is ready and listening to server player events.
[2026-08-16 23:39:47] [INFO] [PLAYER CONNECT] Player ID 0 connected. Role state initialized.
[2026-08-16 23:40:05] [INFO] [CLEAR ROLE] ClearPlayerRole: ALL slots cleared for targetPlayer=0, toPlayer=-1
[2026-08-16 23:40:05] [INFO] [PLAYER DISCONNECT] Player ID 0 disconnected. Role state cleared.
[2026-08-16 23:40:23] [INFO] [PLAYER CONNECT] Player ID 0 connected. Role state initialized.
[2026-08-16 23:40:48] [INFO] [CLEAR ROLE] ClearPlayerRole: ALL slots cleared for targetPlayer=0, toPlayer=-1
[2026-08-16 23:40:48] [INFO] [PLAYER DISCONNECT] Player ID 0 disconnected. Role state cleared.
[2026-08-16 23:40:52] [INFO] [PLAYER CONNECT] Player ID 0 connected. Role state initialized.
[2026-08-16 23:41:09] [INFO] [SET PRESET] targetPlayer=0, preset=2 ('VIP'), slotID=0, duration=0s, toPlayer=-1
[2026-08-16 23:41:09] [INFO] [SET PRESET] targetPlayer=0, preset=2 ('VIP'), slotID=0, duration=0s, toPlayer=-1
[2026-08-16 23:41:44] [INFO] [CLEAR ROLE] ClearPlayerRole: ALL slots cleared for targetPlayer=0, toPlayer=-1
[2026-08-16 23:41:44] [INFO] [PLAYER DISCONNECT] Player ID 0 disconnected. Role state cleared.
[2026-08-16 23:52:18] [INFO] [LIFECYCLE] RoleComponent component unloading...
[2026-08-16 23:52:19] [INFO] =================================================================
[2026-08-16 23:52:19] [INFO] [LIFECYCLE] RoleComponent plugin loaded into open:mp server.
[2026-08-16 23:52:19] [INFO] =================================================================
[2026-08-16 23:52:19] [INFO] [LIFECYCLE] Event handler registered with core IPlayerPool.
[2026-08-16 23:52:21] [INFO] [CONFIG] SetRoleGlobalConfig: Distance=25.0m, LOS=1, AutoHideVeh=1, IconSize=32.0x32.0
[2026-08-16 23:52:21] [INFO] [RESOURCE] AddRoleResource registered: Key='admin.png', URL='http://gtahub.kntech.co/icons/admin.png', LocalPath='HUB-Core/icons/admin.png', AlreadyLoaded=1
[2026-08-16 23:52:21] [INFO] [RESOURCE] AddRoleResource registered: Key='vip.png', URL='http://gtahub.kntech.co/icons/vip.png', LocalPath='HUB-Core/icons/vip.png', AlreadyLoaded=1
[2026-08-16 23:52:21] [INFO] [RESOURCE] AddRoleResource registered: Key='mod.png', URL='http://gtahub.kntech.co/icons/moderator.png', LocalPath='HUB-Core/icons/mod.png', AlreadyLoaded=1
[2026-08-16 23:52:21] [INFO] [RESOURCE] AddRoleResource registered: Key='helper.png', URL='http://gtahub.kntech.co/icons/helper.png', LocalPath='HUB-Core/icons/helper.png', AlreadyLoaded=1
[2026-08-16 23:52:21] [INFO] [RESOURCE] AddRoleResource registered: Key='dev.png', URL='http://gtahub.kntech.co/icons/dev.png', LocalPath='HUB-Core/icons/dev.png', AlreadyLoaded=1
[2026-08-16 23:52:21] [INFO] [CONFIG] SetRoleGlobalConfig: Distance=25.0m, LOS=1, AutoHideVeh=1, IconSize=32.0x32.0
[2026-08-16 23:52:21] [INFO] [LIFECYCLE] RoleComponent is ready and listening to server player events.
[2026-08-16 23:52:34] [INFO] [PLAYER CONNECT] Player ID 0 connected. Role state initialized.
[2026-08-16 23:52:43] [INFO] [SET PRESET] targetPlayer=0, preset=2 ('VIP'), slotID=0, duration=0s, toPlayer=-1
[2026-08-16 23:52:43] [INFO] [SET PRESET] targetPlayer=0, preset=2 ('VIP'), slotID=0, duration=0s, toPlayer=-1
[2026-08-16 23:52:55] [INFO] [CLEAR ROLE] ClearPlayerRole: ALL slots cleared for targetPlayer=0, toPlayer=-1
[2026-08-16 23:52:55] [INFO] [PLAYER DISCONNECT] Player ID 0 disconnected. Role state cleared.
[2026-08-16 23:59:37] [INFO] [LIFECYCLE] RoleComponent component unloading...
[2026-08-17 00:00:03] [INFO] =================================================================
[2026-08-17 00:00:03] [INFO] [LIFECYCLE] RoleComponent plugin loaded into open:mp server.
[2026-08-17 00:00:03] [INFO] =================================================================
[2026-08-17 00:00:03] [INFO] [LIFECYCLE] Event handler registered with core IPlayerPool.
[2026-08-17 00:00:05] [INFO] [CONFIG] SetRoleGlobalConfig: Distance=25.0m, LOS=1, AutoHideVeh=1, IconSize=32.0x32.0
[2026-08-17 00:00:05] [INFO] [RESOURCE] AddRoleResource registered: Key='admin.png', URL='http://gtahub.kntech.co/icons/admin.png', LocalPath='HUB-Core/icons/admin.png', AlreadyLoaded=1
[2026-08-17 00:00:05] [INFO] [RESOURCE] AddRoleResource registered: Key='vip.png', URL='http://gtahub.kntech.co/icons/vip.png', LocalPath='HUB-Core/icons/vip.png', AlreadyLoaded=1
[2026-08-17 00:00:05] [INFO] [RESOURCE] AddRoleResource registered: Key='mod.png', URL='http://gtahub.kntech.co/icons/moderator.png', LocalPath='HUB-Core/icons/mod.png', AlreadyLoaded=1
[2026-08-17 00:00:05] [INFO] [RESOURCE] AddRoleResource registered: Key='helper.png', URL='http://gtahub.kntech.co/icons/helper.png', LocalPath='HUB-Core/icons/helper.png', AlreadyLoaded=1
[2026-08-17 00:00:05] [INFO] [RESOURCE] AddRoleResource registered: Key='dev.png', URL='http://gtahub.kntech.co/icons/dev.png', LocalPath='HUB-Core/icons/dev.png', AlreadyLoaded=1
[2026-08-17 00:00:05] [INFO] [CONFIG] SetRoleGlobalConfig: Distance=25.0m, LOS=1, AutoHideVeh=1, IconSize=32.0x32.0
[2026-08-17 00:00:05] [INFO] [LIFECYCLE] RoleComponent is ready and listening to server player events.
[2026-08-17 00:00:20] [INFO] [PLAYER CONNECT] Player ID 0 connected. Role state initialized.
[2026-08-17 00:00:29] [INFO] [SET PRESET] targetPlayer=0, preset=2 ('VIP'), slotID=0, duration=0s, toPlayer=-1
[2026-08-17 00:00:29] [INFO] [SET PRESET] targetPlayer=0, preset=2 ('VIP'), slotID=0, duration=0s, toPlayer=-1
[2026-08-17 00:01:12] [INFO] [CLEAR ROLE] ClearPlayerRole: ALL slots cleared for targetPlayer=0, toPlayer=-1
[2026-08-17 00:01:12] [INFO] [PLAYER DISCONNECT] Player ID 0 disconnected. Role state cleared.
[2026-08-17 00:10:00] [INFO] [LIFECYCLE] RoleComponent component unloading...
[2026-08-17 00:10:01] [INFO] =================================================================
[2026-08-17 00:10:01] [INFO] [LIFECYCLE] RoleComponent plugin loaded into open:mp server.
[2026-08-17 00:10:01] [INFO] =================================================================
[2026-08-17 00:10:01] [INFO] [LIFECYCLE] Event handler registered with core IPlayerPool.
[2026-08-17 00:10:03] [INFO] [CONFIG] SetRoleGlobalConfig: Distance=25.0m, LOS=1, AutoHideVeh=1, IconSize=32.0x32.0
[2026-08-17 00:10:03] [INFO] [RESOURCE] AddRoleResource registered: Key='admin.png', URL='http://gtahub.kntech.co/icons/admin.png', LocalPath='HUB-Core/icons/admin.png', AlreadyLoaded=1
[2026-08-17 00:10:03] [INFO] [RESOURCE] AddRoleResource registered: Key='vip.png', URL='http://gtahub.kntech.co/icons/vip.png', LocalPath='HUB-Core/icons/vip.png', AlreadyLoaded=1
[2026-08-17 00:10:03] [INFO] [RESOURCE] AddRoleResource registered: Key='mod.png', URL='http://gtahub.kntech.co/icons/moderator.png', LocalPath='HUB-Core/icons/mod.png', AlreadyLoaded=1
[2026-08-17 00:10:03] [INFO] [RESOURCE] AddRoleResource registered: Key='helper.png', URL='http://gtahub.kntech.co/icons/helper.png', LocalPath='HUB-Core/icons/helper.png', AlreadyLoaded=1
[2026-08-17 00:10:03] [INFO] [RESOURCE] AddRoleResource registered: Key='dev.png', URL='http://gtahub.kntech.co/icons/dev.png', LocalPath='HUB-Core/icons/dev.png', AlreadyLoaded=1
[2026-08-17 00:10:03] [INFO] [CONFIG] SetRoleGlobalConfig: Distance=25.0m, LOS=1, AutoHideVeh=1, IconSize=32.0x32.0
[2026-08-17 00:10:03] [INFO] [LIFECYCLE] RoleComponent is ready and listening to server player events.
[2026-08-17 00:10:19] [INFO] [PLAYER CONNECT] Player ID 0 connected. Role state initialized.
[2026-08-17 00:10:26] [INFO] [CLEAR ROLE] ClearPlayerRole: ALL slots cleared for targetPlayer=0, toPlayer=-1
[2026-08-17 00:10:26] [INFO] [PLAYER DISCONNECT] Player ID 0 disconnected. Role state cleared.
[2026-08-17 00:10:55] [INFO] [PLAYER CONNECT] Player ID 0 connected. Role state initialized.
[2026-08-17 00:11:02] [INFO] [CLEAR ROLE] ClearPlayerRole: ALL slots cleared for targetPlayer=0, toPlayer=-1
[2026-08-17 00:11:02] [INFO] [PLAYER DISCONNECT] Player ID 0 disconnected. Role state cleared.
[2026-08-17 00:28:05] [INFO] [LIFECYCLE] RoleComponent component unloading...
[2026-08-17 00:28:06] [INFO] =================================================================
[2026-08-17 00:28:06] [INFO] [LIFECYCLE] RoleComponent plugin loaded into open:mp server.
[2026-08-17 00:28:06] [INFO] =================================================================
[2026-08-17 00:28:06] [INFO] [LIFECYCLE] Event handler registered with core IPlayerPool.
[2026-08-17 00:28:09] [INFO] [CONFIG] SetRoleGlobalConfig: Distance=25.0m, LOS=1, AutoHideVeh=1, IconSize=32.0x32.0
[2026-08-17 00:28:09] [INFO] [RESOURCE] AddRoleResource registered: Key='admin.png', URL='http://gtahub.kntech.co/icons/admin.png', LocalPath='HUB-Core/icons/admin.png', AlreadyLoaded=1
[2026-08-17 00:28:09] [INFO] [RESOURCE] AddRoleResource registered: Key='vip.png', URL='http://gtahub.kntech.co/icons/vip.png', LocalPath='HUB-Core/icons/vip.png', AlreadyLoaded=1
[2026-08-17 00:28:09] [INFO] [RESOURCE] AddRoleResource registered: Key='mod.png', URL='http://gtahub.kntech.co/icons/moderator.png', LocalPath='HUB-Core/icons/mod.png', AlreadyLoaded=1
[2026-08-17 00:28:09] [INFO] [RESOURCE] AddRoleResource registered: Key='helper.png', URL='http://gtahub.kntech.co/icons/helper.png', LocalPath='HUB-Core/icons/helper.png', AlreadyLoaded=1
[2026-08-17 00:28:09] [INFO] [RESOURCE] AddRoleResource registered: Key='dev.png', URL='http://gtahub.kntech.co/icons/dev.png', LocalPath='HUB-Core/icons/dev.png', AlreadyLoaded=1
[2026-08-17 00:28:09] [INFO] [CONFIG] SetRoleGlobalConfig: Distance=25.0m, LOS=1, AutoHideVeh=1, IconSize=32.0x32.0
[2026-08-17 00:28:09] [INFO] [LIFECYCLE] RoleComponent is ready and listening to server player events.
[2026-08-17 00:28:24] [INFO] [PLAYER CONNECT] Player ID 0 connected. Role state initialized.
[2026-08-17 00:28:40] [INFO] [CLEAR ROLE] ClearPlayerRole: ALL slots cleared for targetPlayer=0, toPlayer=-1
[2026-08-17 00:28:40] [INFO] [PLAYER DISCONNECT] Player ID 0 disconnected. Role state cleared.
[2026-08-17 00:28:56] [INFO] [PLAYER CONNECT] Player ID 0 connected. Role state initialized.
[2026-08-17 00:29:04] [INFO] [CLEAR ROLE] ClearPlayerRole: ALL slots cleared for targetPlayer=0, toPlayer=-1
[2026-08-17 00:29:04] [INFO] [PLAYER DISCONNECT] Player ID 0 disconnected. Role state cleared.
[2026-08-17 01:10:09] [INFO] [LIFECYCLE] RoleComponent component unloading...
[2026-08-17 01:10:09] [INFO] =================================================================
[2026-08-17 01:10:09] [INFO] [LIFECYCLE] RoleComponent plugin loaded into open:mp server.
[2026-08-17 01:10:09] [INFO] =================================================================
[2026-08-17 01:10:09] [INFO] [LIFECYCLE] Event handler registered with core IPlayerPool.
[2026-08-17 01:10:11] [INFO] [CONFIG] SetRoleGlobalConfig: Distance=25.0m, LOS=1, AutoHideVeh=1, IconSize=32.0x32.0
[2026-08-17 01:10:11] [INFO] [RESOURCE] AddRoleResource registered: Key='admin.png', URL='http://gtahub.kntech.co/icons/admin.png', LocalPath='HUB-Core/icons/admin.png', AlreadyLoaded=1
[2026-08-17 01:10:11] [INFO] [RESOURCE] AddRoleResource registered: Key='vip.png', URL='http://gtahub.kntech.co/icons/vip.png', LocalPath='HUB-Core/icons/vip.png', AlreadyLoaded=1
[2026-08-17 01:10:11] [INFO] [RESOURCE] AddRoleResource registered: Key='mod.png', URL='http://gtahub.kntech.co/icons/moderator.png', LocalPath='HUB-Core/icons/mod.png', AlreadyLoaded=1
[2026-08-17 01:10:11] [INFO] [RESOURCE] AddRoleResource registered: Key='helper.png', URL='http://gtahub.kntech.co/icons/helper.png', LocalPath='HUB-Core/icons/helper.png', AlreadyLoaded=1
[2026-08-17 01:10:11] [INFO] [RESOURCE] AddRoleResource registered: Key='dev.png', URL='http://gtahub.kntech.co/icons/dev.png', LocalPath='HUB-Core/icons/dev.png', AlreadyLoaded=1
[2026-08-17 01:10:11] [INFO] [CONFIG] SetRoleGlobalConfig: Distance=25.0m, LOS=1, AutoHideVeh=1, IconSize=32.0x32.0
[2026-08-17 01:10:11] [INFO] [LIFECYCLE] RoleComponent is ready and listening to server player events.
[2026-08-17 01:10:23] [INFO] [PLAYER CONNECT] Player ID 0 connected. Role state initialized.
[2026-08-17 01:10:35] [INFO] [SET PRESET] targetPlayer=0, preset=2 ('VIP'), slotID=0, duration=0s, toPlayer=-1
[2026-08-17 01:10:35] [INFO] [SET PRESET] targetPlayer=0, preset=2 ('VIP'), slotID=0, duration=0s, toPlayer=-1
[2026-08-17 01:10:52] [INFO] [CLEAR ROLE] ClearPlayerRole: ALL slots cleared for targetPlayer=0, toPlayer=-1
[2026-08-17 01:10:52] [INFO] [PLAYER DISCONNECT] Player ID 0 disconnected. Role state cleared.
[2026-08-17 01:30:45] [INFO] [LIFECYCLE] RoleComponent component unloading...
[2026-08-17 01:30:45] [INFO] =================================================================
[2026-08-17 01:30:45] [INFO] [LIFECYCLE] RoleComponent plugin loaded into open:mp server.
[2026-08-17 01:30:45] [INFO] =================================================================
[2026-08-17 01:30:45] [INFO] [LIFECYCLE] Event handler registered with core IPlayerPool.
[2026-08-17 01:30:47] [INFO] [CONFIG] SetRoleGlobalConfig: Distance=25.0m, LOS=1, AutoHideVeh=1, IconSize=32.0x32.0
[2026-08-17 01:30:47] [INFO] [RESOURCE] AddRoleResource registered: Key='admin.png', URL='http://gtahub.kntech.co/icons/admin.png', LocalPath='HUB-Core/icons/admin.png', AlreadyLoaded=1
[2026-08-17 01:30:47] [INFO] [RESOURCE] AddRoleResource registered: Key='vip.png', URL='http://gtahub.kntech.co/icons/vip.png', LocalPath='HUB-Core/icons/vip.png', AlreadyLoaded=1
[2026-08-17 01:30:47] [INFO] [RESOURCE] AddRoleResource registered: Key='mod.png', URL='http://gtahub.kntech.co/icons/moderator.png', LocalPath='HUB-Core/icons/mod.png', AlreadyLoaded=1
[2026-08-17 01:30:47] [INFO] [RESOURCE] AddRoleResource registered: Key='helper.png', URL='http://gtahub.kntech.co/icons/helper.png', LocalPath='HUB-Core/icons/helper.png', AlreadyLoaded=1
[2026-08-17 01:30:48] [INFO] [RESOURCE] AddRoleResource registered: Key='dev.png', URL='http://gtahub.kntech.co/icons/dev.png', LocalPath='HUB-Core/icons/dev.png', AlreadyLoaded=1
[2026-08-17 01:30:48] [INFO] [CONFIG] SetRoleGlobalConfig: Distance=25.0m, LOS=1, AutoHideVeh=1, IconSize=32.0x32.0
[2026-08-17 01:30:48] [INFO] [LIFECYCLE] RoleComponent is ready and listening to server player events.
[2026-08-17 01:31:02] [INFO] [PLAYER CONNECT] Player ID 0 connected. Role state initialized.
[2026-08-17 01:31:10] [INFO] [SET PRESET] targetPlayer=0, preset=2 ('VIP'), slotID=0, duration=0s, toPlayer=-1
[2026-08-17 01:31:10] [INFO] [SET PRESET] targetPlayer=0, preset=2 ('VIP'), slotID=0, duration=0s, toPlayer=-1
[2026-08-17 01:32:40] [INFO] [CLEAR ROLE] ClearPlayerRole: ALL slots cleared for targetPlayer=0, toPlayer=-1
[2026-08-17 01:32:40] [INFO] [PLAYER DISCONNECT] Player ID 0 disconnected. Role state cleared.
